{"file_hashes":[{"block_hashes":["5xAOHgF/lgfDHeBki21yNMDGD0YBU2/DJGgmbkfICXo="],"block_size":4096,"path":"_locales/ru/messages_ru.json"},{"block_hashes":["cL+P5MByYrHAmnr0v/gOMVwHQKzJMU4tXTOkV20nY5k=","2A6iqkKkivLEKCvvmtNK5pOCQASAnVJGpgQoOHYx3Yw="],"block_size":4096,"path":"assets/default-icon.png"},{"block_hashes":["tAX5xujqTueg7jaeLljFo4AgA6SbAgLU+ESoteOr2Vc="],"block_size":4096,"path":"assets/icon/group-del.svg"},{"block_hashes":["IQot6hAbFa4cLuHzS7GmFf4SZWbqNVQMEq9zAuSqNws="],"block_size":4096,"path":"assets/icon/group-mod.svg"},{"block_hashes":["G1clPPScMmU015xsObXxyCCPQKt8M5KZG6PQamJh0bY=","oPIMObKymfHowHfXTNKaySzaKnRvER9F9jv/tu7P53g=","kk83xDUHePPYIQGoZKZGNwRqzOaMNYAGv3pMOLlhtdU=","/p4tB8I55taqtRQpZDzTCUIwooT9WGK5H+G+GfxCyIc=","sqC+vUkHgQ4C20595Df2CYBr45ITWDB/XaYDZEybuXE=","65k7XZc8Ix1trR5LYywKlG6A403wNcTuWmSrb/3oZ0s=","H1WYcD3me0BBCdXcK2WOVTjjwMWjYWWn9KYDwxe17Cs=","7oxvY8fEuuzNMJSOLatxtn3dRLW/DtFP0jFHlBeYqx4=","lC1Mf6rugVyeJMy6kJvP5d/wRQwacldie/tQTq161Hk=","N1m1DWMTq5NLWP7uri+lmdb87u9SGM1ddP52LN+XQeU=","wgu5rNRQRNIif59rS9Z+98dT0ERf8+4UMmzscQZvj/c=","YhsPFdL6PYK1h5c33LE0FSxZmF1AFBc/FAX5OnJT0Tk=","NmbFHN8r3+1NuduKlrCuVdPzqMfndK0mUUPIsq4Iwu8="],"block_size":4096,"path":"assets/pay/pay-alipay.png"},{"block_hashes":["r38zNXIEya4rq/AtNqgkbc8aYJpbCJiUCG5hVmozJ6E=","sTS30j9RbcBTprADJVlk2XUdr2emY17kw4NadN/rF0A=","iZSBW/KTRyyln8L9BB75h2Eh9e5ur+BmiCMiOFisLsA=","qA8tKpz18OTk8vVft7q80Srs1R1g6n/5My1m4/HIzGQ=","4PYzrSU+UcyMdMfnq57v5v/RJRllai1l2A+uvhve704=","rlBWYnQRSjGOFHUPooLYQ9yUjmGZ+pM2L3/mOKA3MAY=","qib5+jYv6KAX+/8gMlmP7cB+EsUWGImsd7Nhc2rJjrc=","YKt+WEXY0ymbjxO1rWoHTalyliOE2r05tXARzbOueGw=","7zOCC6KxWtcNAytdAYAGfLmKCz0cVxx9ujtEOiGdGlo=","++f6Q6/1Uu1yeKuRe5S4de08RwEHyR6g9NEpen3uGw8="],"block_size":4096,"path":"assets/pay/pay-paypal.png"},{"block_hashes":["aY2sZ9hF65J80GiDXVpFNKfqaZ3+zllbEkZvcBm4wNs=","6T2cELYVPzzGtXQ66mvuMqm0+fF9tYy9rlmgiH1VcbQ=","tQK65DJUDib7qq7oXDAvQ5PK6IUiOOAgpYLIyFuMZMg=","EcqELzxaq8ehTbNYMrBRbPUYhOnuo5qQrdAGIJEtJ1E=","PlpnA3BUFnpIfK1mXhP8+prn0TKpNeImIKwF8cMyQ1E=","GUWk4BmEAfhOkR52M2bJvtG3k8ecWbC/xxkE+nD5Lms=","hI3GHEYhFtUKaBkcX07ulToaJPN70A0kbu2aYbi4xNk=","nF5djtSRCYas0VYQNLlAD0FuJ1wdd4TOcY8ejcHtyu8=","9ZjeDAX78zV9mdH8lFfIGZTcwtl8uFkH3qZfGKvtIHY=","G4mYJRxljrrRtgiPqooWwCRo2cCM0ipQWCiix5paq/g=","a9rVJlixmRZ4UDHWeFTRInt1jsEhP9UyoeNgHYkcmJE=","dIMLo9pbYksmCjlEP0cWG1j77vcK/EM5p9T/NTuh5n8=","dsbpdhDSxG4nK/+WybrBwFP6/1U/jdo8l/ZBWO9Y5zc=","+cv2aFBetKELnBH3GGzP8PenVlXro3J1t08no7loXJ8=","amlpM3MGkV9YC0UujB6dY3XQJ+ri+5TXaRt8yZn2hOM=","Fyd36jS/kokVxv0NrAcIL+vNF2aAX28WpeWCGMwRLtQ=","d0G9pLgh7b35bzhkXGicP1kMG7xHqXE2H5Dg4vRBUec=","OGDBesZ/5WHzJVBJb1buaOxCXhjBbNcU5HnJmChH9XM="],"block_size":4096,"path":"assets/pay/pay-wx.png"},{"block_hashes":["/1Fy024v+UJcEV9aIFcKHAY1eo6HYkYkC1Hq3nUkA08=","/4NvUFL0txNzi0h50AREKEjqj83Gd40aNTQhxkAFbLo=","w43GQxYquh5fe8vS/y1ZKsYgImKhULFCQPaLUbhfmNY=","J7dylLZ9N9vzN0N/m93T2NsN8pq993SgkLlN+tQWIEg=","U99DLp7XHNxzN73R0dzuTLbWws6g+NN33RP0MWZkGLA="],"block_size":4096,"path":"assets/play-demo.png"},{"block_hashes":["OVtdmBNpKDbFN0rrgcUfJu/qEt6AdoXNeLmp2IwNOjE="],"block_size":4096,"path":"option.html"},{"block_hashes":["Tgkgi4TEN4f8UW4QELTkpyuZ0lLPvTM0/4JHKO8Xk+Y=","mRpQXSFBTnfClpPspK0dHtTrJyyEAF23qS1X0U46Ev0=","mT+bDu3pxbgoktzKmT1v4B9E54+PHsnX3Y+BMuJOFWU=","nviZXja8YRes6Z53cozptcDTzqLHqy+EJ8QU2QtzPKU=","ZyXKVxs/bvfliycLHZXufQKJcllX6YiI0cn+7hbpVy8=","jZ0mmAD72fa84RjoL+g9X8iHJ+UQ10p7O+kX7yg2OCs=","+TS9ciJ+ON/OLhk4tEt+YJcvmFolnZzpWR1xrTpEuvM=","cF1Z3k7q7S7Mjo2F+8OVw+EH6YCtoUX83PbCjFKjEHA=","538ilsGdkwy+jEtuys5srH0qUHYzrXldGhiFX4GbTbE=","KqcuZLQwceYriM0Rpnlod9Vh5loQeV+uPooJ2ftlooI=","20sfvpxaU4n1rE2Lb+mPKj4dtONK8/dLKXquSfGYuwQ=","Sux/c+PjVfvqb0nQIxG7x9JgrPqDoil9T+ZY+jWMGO0=","lQxISGx0YqgMQ3E8Q1UbMROcvicEcLc8zTnquHEn9wA=","2WDZoWhriM1E1qKu2pM9rLrQLD55gZj75wwswuALLlo=","1cmThVvqle+PsD4iGYnPRm+Qn8mZHWoeWTVwqqKm7Ls=","DrTuvqNYHjodIXsb/+sU0vdICvTKqhPTZJPeECV/ol0=","pYveEdsi4oexSrl69bleoKxSs+GJ1HjuiFbouv6yfoc=","cd/ebQotIO0WQ5gYfAtu1qXOPGghQtGi0HFYCuwuGGU=","Tc48/I0PCq+Opl9bK0gBNYHM1x+ahEobnZFQkc0rNRM=","kpYd4h95d8p8Yt26N4cG6N1fbw8YYYEkhff1aGQa7H8=","qykS6/39VdnIZpT1oU7MhTdYyeOp2WKaBtYif0mqHJs=","28RTs74lUFt0tc64HjamGZ3hnUD+SsZQCInFip/OogQ=","kgb/tTKGs2sd4e1ZogRQOYkQeRtBWeY8AS2ObkO6tr8=","ZrU8h9VAKIaBKFIh+vJIpC2qtQF6Lg7lbGtwlzRZbIY=","pCuuVgd/RBcgSuFJ2bU7CP0fUvMQ4kmsZaUBS6NRacU=","Bsx3k9eFziFYnxp235zim19uYwvsqeEqlG6y0NQJNwU=","+6KbDpC368pO+TvzB6yf1YYYnee8B/cYCggRcBbjYSY=","aEPvxTjrJwfnuLoJciGNsbtWLl1FuU4KlXJNk/5th0c=","30o06qFidDz6d9ixHlsSettSn8gllZ9GtLGif4EXXmQ=","FC8c+b/nU91XohVUlS6txe3DlLIhdM7Ii3UarIdgykQ=","VnhQPdQwl6cuKGyrG+U/3HPwgIcnm3QnfzZZR92dxHk=","E9EQ0pDfr1FTF3HkrEGiPphtmmGaOVh5FwU8vd/DdiI=","ZEBB5h4sdnbnKdJUVLtPyr6w6WAoe0a2O33awRomukI=","GLQilC9lN5MNTOlED5uVx75Zo2Ph3CxxYXF4p0NE6t8=","OZNEHBocqiAxvvaUx8WLLYYxSM9iTs8jAyGvbgdmVYc=","RweQohOHldyb3vtlFFBImgt8h44bstflNdNaTDGf2Ig=","5hGt6AWGBkNP4Rsz5gggd/HemKOOOUaaWdPbQ++gtT8=","kPr6mq2WgCMR5j8gunFWhwgNjbTzP3KBLpvS6K+JY44=","9X3Hudr6AbfLpQ8DHQmOSTGiVjAO9Owhk57rRwWAPHc=","RWJbYaXCNAjDoIuJUvVI/RMoJiEVAEyab+I9wL6QvcA=","0lGofCMVjaB+kz77hJSPHnJo96N5PbLTHVVdCZclMtM=","2VHCpa5MC2H9nQaEi1DgH2YbhLjWFKOL+t9PckgkSyM=","InA1qH4DdhKJ9NL0t2tGm/JXEl0kR48GQ40Go6qTmVc=","WtM6v5W5WpWvcKdwUDqXLqyYFp5rSWYczHAGxLy80ok=","Hd/N2kzIR9jntgisErFO+o9F4A4o7Z52PIAGbQVWcw8=","293yuVBE0FSa2xsg04ObZPSKTHLGhHCH2jY02FzSoy0=","hxteNkxPHVtH9SiDShFizQHuurMhszd+Q/THr31VFJQ=","MEXLH+DEWVhobc9PQtTgzzbxk+NhvQvFMC+4tyWbXao=","WDO+Qkfqzy4DnlO5ESblORiNZozWqe7qo3cBEjFMCOk="],"block_size":4096,"path":"option.js"},{"block_hashes":["YxcYld991Y4XuOX9l6ruRB4FC0GaCyhxmVlELRMJwyQ="],"block_size":4096,"path":"popup.html"},{"block_hashes":["fs9CmlcICMareiJm2LbpGhUinXsb5HYmHkX3iYp//ss=","Ev3uDRNqeJbHky5SrgZSlfCiHEn19omkPCGGTEqXDrg=","KrTAKIxcivwWlmeJhNd70oVoQoW4sfi2udZEYaSuh9k=","CwmppAX5GX5V8odjycaxdqHX9d2YXIfNMeeJvEiE/TU=","AGQo0D6LwUkPk7uXPoD9kUo4NYQ/1BIJ68Eu/1oOHME=","p2DQtkiiKr5GWoFfJXy/Jiqm6qpdykglI0J9ttIe9ck=","E+7gcWmSREdQvc+7POigIK+AIhwn9Jp8EbCZTkCXkqc=","i5FG7zIeCkpReAak7Hk1XxAECMfNX7Sc3Gq63tb5Mhc=","P78so/vzjikIa+qzxuRv5cXSgqWvOYeZlshjEZi7vjw=","O/aD+6O/3O0mVfZ3oZdT4qq5BjuBalIio9EevBakBck=","9vrXsnDVU/c1cNeKWty4OmCs89i+vRDcUnbbGA2JVlI=","oj3iey4kRGqVcSc9D/33m5yVovfRhUImC59RktmppiI=","Uhrk8WO4oDkhyoMFPPqM9OL3pZngwoBkPuivaToYFVQ=","zrAPS9mRAgr+whwdq/ngM6CMkC+5i0HUfXVoK8Yo/s0=","y7+tIGBAcGe8vXMh+RU9UlcFrojb9m0/SooCSxKRbI8=","e0ED92swfwc5DHUUrvzzotVXnLI+4Okv1OQSpdvTMnM=","duOv0teOeVOg1fLx+iLjR9MJCuLyzTSZZLRzARcEUNA=","rRBqC3hkjL29bc7WuXfEnQVCIDQKHJkmgwuKoGzLf7I=","Bp3LlWHuwpCxwwRKESD+M/MVg1gR3u2Y+WhwVywRcBM=","mV/fva4NDiLnCF95i1qUtkj6M/HtIu27jrLTfZiQU5Q=","kkXxzml+UlL9y4oEzs9/bVaYrj7eK+hNrfov7Rivg4Y=","tPiX1XLmgbmHd3NrH6ndW04TK1l3NPcCCcok3kMqVds=","YFDfKlgJvEPObR7NKlHBsMT/mo/ybfjUC66/Ls1jdKA=","I5ajyC2OjTneqsK1Xr/GzstV9cXobH083Yrbm6Sv038=","nnRQDuHZLmJyoJdRh/h6JEq/VpyK+07I2Jt8+AFwjP8=","phICMeKCj5UnmeaicQrHWX/hSPcy0yJpCUre1/HgnSM=","lKW4+R3bS7fxqatl41yp5ukRdmLrUMPR3ShFrqQ9dRs=","vuBjRQHUWtrg1zuC4xH/bPTL/98Jw1KZkyqwFcDZ5MU=","1eKzo9xto35NLm2uqiPdNbtbM8YLAlEy6GfWK0YMphE=","YfnHEiWGCutUbDVMbcyG41GsnL18WrlghOMMyb4WO+4=","dJbCHb3hbHJOvvVTHn2oDYLXf9G7IgL8taG+nmjdbU8=","6ibel1w8HhrM7umbXDuHNnPxy4Dh8Cc+j2sbU7MerRM=","B+foM3sIsKb1r0wcPr7dzK4Fd2HqcF9Q4tfbVd6s3g8=","AHqpKbmUKGu4sOAFxSdKsDbH8VhMPfY/LbI0N7KnLO0=","Dddd/XCJPHhlwZe/3pclQKqLIIXVx7DOeSCyheTFOek=","6JZnLQgUHbK9ZA1RgTnvzer8lxo0KaXkjCKkXsq+aEM=","VEsGlD/5YKORtNxcRcWd5GPFM4VEN53hI+o024gSgsE=","Xw4bi/F58atG9omj2vWA3Gnp52cy4nBT/Vf/pAVVPv0=","kwXerQBHnVXXY9MI6YM9ILq3Jq/Hax8Ejy/5s5KWiMw=","ARBqoEHl5VfxXNE7lIFYTCHb21li5qQLUuo4OTQLsyU=","pcmkoybYqsAyhkXzNLfIBO2Ean1lgBXyJS9z9g3mTLg=","0yepQDmOegINZFliLhxyBo/ggnrAulV64EEvvKovOlg=","2jexrMuoOPAjlmh/C22MZo6gHPYZ110x/g1gzLpGb1k=","2olE0v2GtlD13yzd6o431E9maCTVxbkZCIeLNAXEyJE=","vgcco4Xhc7qpOzBY/kjUbt/wEdDulu6nibnAVF51erI=","h8N5tQo7h6RF2SVal7mf5A4KrSrejyr16eQb+utoYp8=","gMoyVafAC/8u+9L4s7jhpRaoXm/CuPgFlm5NtUCrN2I=","2ikqts3+7dLzWUCKyyJs3rDDx7V5rg5xtE7shrMtEBs=","HUkpG4dHhI0ABMhnGRpqdxcrDwNOshqvjDI2tUOb2sA=","Cog5XWb33MNFi20P7P18TsJwLDJUlcJGM6Vcxt62v7Q=","UC4ncqR+CWiodzzD6PauTfSGOXAVbYfKBMqDUL7/vW0=","QND8690CpK/Ad8R9p9LuDj+2h6WTfA2jXa4PLjNet4c=","DfoRvL0h86lqc4hYjH9GY7y6qMn2OO1bcm9wFaPM+CI=","AgzNb7tm/fVVVXGChs5QYhfVNGbcdxE+mg0QCY1IGPI=","Vm8g1NVQ/aCbIqkUpwT2Ks059Dsqf6BkpooAzUJ09S0="],"block_size":4096,"path":"popup.js"}],"version":2}