{"file_hashes":[{"block_hashes":["HvY93t9DcQRn6rAIEbejs6JfU0/b9RcIFGW4a1dJZYM="],"block_size":4096,"path":"about/about_de.txt"},{"block_hashes":["ZO35c7S+cSti34Na5b8+H18Uycjfd+YXC8KoJ/8D4v0="],"block_size":4096,"path":"about/about_en.txt"},{"block_hashes":["ykmSLsLkDP/stpVLMjuNqotzOjJIuuTA+3sPWzTblnk="],"block_size":4096,"path":"about/about_es.txt"},{"block_hashes":["1VZohLmPkcaDerebSyxLnAaPAyx5IH3/vchaifcnX8Y="],"block_size":4096,"path":"about/about_fr.txt"},{"block_hashes":["cK6JqzDmblqG6WihFLlpm1KXAAVI1MYUb7q5SOtEKo0="],"block_size":4096,"path":"about/about_hi.txt"},{"block_hashes":["N14rUwYsEZmsjQ4afLvZ4nrhc8El5Cy5VFkvoHQzr5k="],"block_size":4096,"path":"about/about_it.txt"},{"block_hashes":["3S4FBu+OKovcy8Jr+PQSTtXbbhFt0GfW0I2f0G+Qh7Y="],"block_size":4096,"path":"about/about_pt.txt"},{"block_hashes":["2xoK4wkmyXVG4sjzu49CXEKC6Y5K2Cwjpuox+1zrCjg="],"block_size":4096,"path":"about/about_ru.txt"},{"block_hashes":["wFFsrePmd7VJKHKQksBoqQbITCaZLFbq7sX3THUa7bY="],"block_size":4096,"path":"about/about_zh.txt"},{"block_hashes":["RBF53k14lPVBYzh0aSWFNIV88tCeKuO04bFvgD9carQ="],"block_size":4096,"path":"background.html"},{"block_hashes":["v7bfP6n/7arxXPJfX/TAGT2hgwyUXuviK0W+VoE4vQg="],"block_size":4096,"path":"img/a_1.png"},{"block_hashes":["lf3yj+pu9modXxI+9V33cMjfsg7eGy+p135qFJsxcLk="],"block_size":4096,"path":"img/a_2.png"},{"block_hashes":["YjYkPOWKiTYGGORSd4y+713CB2+NKYRuV4pW5ULwPzw=","jZKn35sG9yutQ59B7FWb4lIr11wTBB2mfHNvrh1U9vQ="],"block_size":4096,"path":"img/a_3.png"},{"block_hashes":["mRk3VlFeJ4gYU4SxiQvWXec2FGCKZa8/sldqb9Th3Ps=","i3+n1ywy+9N1lSLbKLcfsK//Q37zlNhMRzxN53ZSbn8="],"block_size":4096,"path":"img/a_4.png"},{"block_hashes":["eg88mWlu5zMPj4poyMN9Ru9mQS10KmXqj70Sxl7aYTY="],"block_size":4096,"path":"img/a_5.png"},{"block_hashes":["DIxDEaBxSDldBwe4y5tuCempwooYLevDLODI6lvjFGQ="],"block_size":4096,"path":"img/about.png"},{"block_hashes":["QdMCpsTgnTbm/WqhC6HmXCd+R23lVoxPgFAAuJDf9i8="],"block_size":4096,"path":"img/add.png"},{"block_hashes":["Zd26+bNuLtGROFwnx2g8wWv2a5hGJxeVYyur/7gFUoc="],"block_size":4096,"path":"img/arrow_left.png"},{"block_hashes":["mt09cMgRu58exwyigD9OyJ2cfseo8XuJlZYyGWbsbZ4="],"block_size":4096,"path":"img/arrow_right.png"},{"block_hashes":["NfJNBRSGvpTzYx8lKvJvbiWJViFS+D5YtnS9zjE9UNw="],"block_size":4096,"path":"img/close.png"},{"block_hashes":["0n8RWopFBDjWguaCSHGEKafop+6fiwZsAo542c4YfNM="],"block_size":4096,"path":"img/donate.png"},{"block_hashes":["ELRTEgSBmzsE6sW6LBmwOCxFTPcT+Gmxr4TytK2NaEs="],"block_size":4096,"path":"img/email_.png"},{"block_hashes":["PsoH/2x813pffwwChsU5uHB6SWgkjpM3adZSqBrcUqU="],"block_size":4096,"path":"img/enter.png"},{"block_hashes":["hoEG+1IZlAxLkDdKXURe79/96o2ZGFsLCEg34uayvWM="],"block_size":4096,"path":"img/export.png"},{"block_hashes":["f1AH54r4chrfaMQ//GqXFJtV9Vv2dm1WAIHsHYSNL6A="],"block_size":4096,"path":"img/history.png"},{"block_hashes":["my+/gDZnYgFo5bQn33RJj6xGU7FeqP+HKOAUdBKpOHU="],"block_size":4096,"path":"img/import.png"},{"block_hashes":["lGH/0rnJWlU1lWbveeV60rKE6W13IyVqIkaYnx+Sq+s=","iEOuGfqt+PObs7t2XxkdRSHiMDY5d/tf8W9VyeVb5zU="],"block_size":4096,"path":"img/jquery-te_100.png"},{"block_hashes":["ZKan8MxmYly/7CwJJP5HvxEqZj7iZ3xRXD7PiTYvIJg=","s3mK9KNsdlOshVCQrEDP1Bry/WedLnQqe2tPT2xPBcY="],"block_size":4096,"path":"img/jquery-te_50.png"},{"block_hashes":["tV+Rje96wScGLrkq/WpHSGG7g4tvCNbQGr3QQlclEug="],"block_size":4096,"path":"img/key_.png"},{"block_hashes":["KWqipLEwkhHtRgRBdat/XWtrMxk3nEOk8tRRkEXkFwQ="],"block_size":4096,"path":"img/left.png"},{"block_hashes":["OIs1kcFIHDP/Xo4E2qayxCKowL7CYiT3x9mQVmCFEC4=","Siw3XplYBlrkXQ3pHNeZbA30TItoBlRfb9tM7assoHg=","jWDhx4lLxSD/X7PDA9sH1Y2Ux+pmAHy+g4dF2LLGukY=","ELoU2RW2P/FgSrspBD76trirf0W7/yF0yTCQbNJp8sQ=","ndRSxb/V49gTCaegTDV9W+mLJUhdcv8tjcrQ6VIVftY=","6PrTqbeHC1zhODFdjvTFC4BzlJLC5aadg6SkAR1fHso=","3Mmxm2ILK5PlEx9O6YjbugvA/7e78PDnuA/vjmMjxBE=","ZNYkwo6c8r2l9PmHjbEXQvrKMSWtjsZNyQvw0ehrPa4=","hsNziIIl7uGc6Qtq5V8dxsMwFweDwBwRBgBI/SAtwQ8=","Pk20kmOu0x8/qZORIXHrEaaQW1udidrXXjHFibgJ+Z4=","7srDW8EbtUTbBjkhoEtC0YDPSyUmQ7GsSOF0TmLvMa0=","HTSbt5xbUG2XIxGlMFlxKZH8umVVhKdk7qOJbMnhVjM=","ZdBC4c4zWqiQbRZRNT26KRKNdMC2A2EnF+RuTcLP7bc=","zI47GQhhqDHnz+QoJSnya9bLLHD/sY19ojMDvltFg+0=","BGHYn1mggTVszU0nMAHQRCsjsv31woEsJHAJMz2NYTU=","0PeZpcA69o1N8bHoYTadejbgWq/4um7X2rnc0FC6cq0=","VqdVOvxTNYMGqitiw0ZlMWTXy2O5NHeGlN0+yJkZbLQ="],"block_size":4096,"path":"img/list.jpg"},{"block_hashes":["cMTiiVt00MpeiuJcL1cWcc6YTL0VgMD5wbzHieHjtsk="],"block_size":4096,"path":"img/logout.png"},{"block_hashes":["IrOaB0CaKqKdKL1NR2SmR7pAepW7X3gOBwJy/E+UjTE="],"block_size":4096,"path":"img/maximize.png"},{"block_hashes":["2LAHfudS2xmIASpG7yaegN4xJ1w7MfvedVsONieXI+I="],"block_size":4096,"path":"img/pass.png"},{"block_hashes":["w6H1P4oVEjFB4+6wAyzoA7BCFJH9noNE6YxsurAwfJk="],"block_size":4096,"path":"img/pass_.png"},{"block_hashes":["F7KplWKCg9Df3j0TRs9WZKNGyRo++LtoBdxywuE/kdU="],"block_size":4096,"path":"img/reg.png"},{"block_hashes":["THE+nqOBaZ9aOeSO8nGMgE/Z9kfNz4my8DL87bfqov4="],"block_size":4096,"path":"img/save.png"},{"block_hashes":["xZfLScD+tWj+zYnem8KMrEelPT9vvSIjB7p6G8gclgI="],"block_size":4096,"path":"img/save_er.png"},{"block_hashes":["AVltXAalIrGhlU3iA+wrZnCXowSLhJLELiIj15zd4Tw="],"block_size":4096,"path":"img/save_ok_green.png"},{"block_hashes":["hgu63vNwzrguGCgyn+Zb9912iuNA+LTq6d/nc4g4VqE="],"block_size":4096,"path":"img/save_ok_load.png"},{"block_hashes":["lbz7bQA9CsVDaxArc+voohdEtav8SberMPwdbMEuLTE="],"block_size":4096,"path":"img/search.png"},{"block_hashes":["/qz/0TZj/X8c24Vy5TYrE1a1DR1mg5VG+aJibYmyJso="],"block_size":4096,"path":"img/session.png"},{"block_hashes":["WapbV68ZT8crCLH3FfjMJd4hup2BoygRtceyy3k6/lM="],"block_size":4096,"path":"img/settings.png"},{"block_hashes":["FjGs4T/sA6fy/FGrXcUQovtrdYZW7CIQ0K9VIgjVntA="],"block_size":4096,"path":"img/star.png"},{"block_hashes":["NGNCKSNclbn69R9hBRANHXSbop0FvLjEGbXYiOgApiU="],"block_size":4096,"path":"img/user_.png"},{"block_hashes":["oMR6QYwLMx5SaPNMkNqGVZgB+JyxaOyiouzAAs0j/Ac=","TNCzOxq1gDOwF3Gpg3fwKm2DgXaKzIrSar/7A3zDBZM=","87kvlP5l/vGkP1UaDwxuQ1EqWnl2GTxUGO9LjZFmozQ="],"block_size":4096,"path":"index.html"},{"block_hashes":["SO0v5qdBajUSisfw8ckhpF2742ZLwoqSUIWN4mqjclw=","Ko3oCnjmhmi7FN5WuMdouhBoVOoKC1YzYqSscGj+/xQ=","Uo4iFhGZ3vws7qV/wsgEz3eZh2TcmMedkKacLniD3/Q="],"block_size":4096,"path":"options.html"},{"block_hashes":["kjx8BxWikUGZ5bt1vIvZGccKx2TQho5Yv1oGI4vH7Dc="],"block_size":4096,"path":"scripts/analytics.js"},{"block_hashes":["1Lu6jvmqrGXg7RIHIpS4AwAc8JKbI0YsuPSLcK4Cdt8=","OGkaoq6DRuKdSrYYo5+n9uNeYaEu9Hw9Awfd6PmFUxk=","wVGj6O0H3wRxuus7J+gLrLu/2XVdYp39SjfybqnQ1ac="],"block_size":4096,"path":"scripts/background.js"},{"block_hashes":["3HquOXMHWyzTumCV3UVnr6PjrCMXsyQ0qwADUHRmtKA=","H3BzDErh7pxsZtqc5x05Z5ERKLm0+ZonPHbDrmmZOr8=","w1SOAIukraKspIQlRmx/1lf9ppARPuHDo7+YUCLkKj4=","69kBBrGOUrpZu/ZUJDSvMefnGE31HMpbmpOvw4Pk4/U=","RmPpmcvThs0iTHcbjhmIMHzsJ4W2yi2zy3gX2kVbgMk=","SqMF/hIf0iZr3r2MAJbzvjUVXvN8MJiFR3G7jnG30/c=","8Uip7Is7fH5Pr2qjk1kPXt8TMuDUzu5OwEyCSZJch84=","vjDJfilS5OoEvFVYE5BRfkgMchIStFlowuM+gLYFQM8=","Rono50b9nZnJ7wgE7yTNydl0j+QusS2ozjot8cMHUVA=","UcYeNB/3FCQk/VRm3dugq4LqAhcp2VM7Jxjv1QIW1hw=","d7PBHqCA4JDJDjYWVwbdB8HS9jeoPyvMixm1gT2V8eY=","OI9m+swCDlBIX77s8RcKiMHwSvHFwNDdrbp8doHCmVw="],"block_size":4096,"path":"scripts/jquery-editor.js"},{"block_hashes":["D7bNhCqVoJ181x5iES6qU3UEvLDZ9WFSUOFMIIx3k68=","vmAystN6t1GI4+O1EqDQ4KNCHq+agS1Oi5B6X4Nk2z4=","TRu8Q8L3Aijb1jq+tOwDurHoRKYmOb0uU9bFyFIcDFQ=","ga0zPMBSPq5KpIC309HzGKR3iIN/ClhlWDZxIMLu3og=","EWghdfnmiz9x8AB8ljCmE6Xh1V8PpYeRqRDvsGXaoSw=","INpB2ZWwNS/5slIwFeCw5VmAsjYLLD9w6As0Ihzh6Ag=","llS+fnKbgxq6Bpf5jCa1Q68QY9qGYw9Adhc/Hbx6BhE=","YCQhTb5uYUcjVoFsBjaHaYEKroUlo1N/e7SFD+YjDEo=","/Tx4PWYz4NDXUlTu9DBUnuNnoWgxo2xqerURX9YQh0w=","vAHVK2Yp5RerJU9T+N9/Q+tGFbscZD/YGGFJNIwTZzM=","EXGOscEPs+PtXkXmBaNfNGQQ+b/ecY4idcLXOR6+Rho=","cBNSyUw9o3Nj4ufb8wP2hCcr/XSNMffIHIx6IXrfua4=","hUGgmXvVjRQv+oB9S9MpTO/nLEB2wBU8/M8xnRYySKU=","eHcrVoTZGx/IxHsE8QK06vZS7idUD3KufWmeOJ7lngs=","ZhxAzt+zInY9le3NYQXWjjIB+aFVAfHG7+MKzVipnr4=","N/oiIA/pLI1aAjdRIU98guEO+ahCJtIllXQJ3jyrEeo=","PtvE7HfgWFxWsi25qRI457cELbcpLgMGiZAWVM1L61Y=","nvRUMow/2mCi8M0iOynU/bZ4y+gRvRiCKESA0vU+YAI=","TnQVacz34cmEF7Ysfd5oEe5E+WM2KE/ZY4MteUeW5VY=","6f1amUbZpmMlwQExz4ngktxa6UNuMAtdPfeVjORUM/Q=","TQvksh40H6MLp2JnSdjz76mBTOCM7MCRA08U4ycuqcg=","fu1UyTFoClfgEZWvB1mzGJKqj0suS/wFmU4OIhPF0Vc="],"block_size":4096,"path":"scripts/jquery.js"},{"block_hashes":["u5mX16nUb4pne2/E5hrWTHpxXBo1AzEklavA6AEcMJU=","HUpuva2eeRUPDS9+0cU1GHpEpXE58pptcDsgcGa4VSU="],"block_size":4096,"path":"scripts/locales.js"},{"block_hashes":["S9j54RJUcHaG87XG5kKFZLGiTmsrzhpsbRzARgChhe8=","DaRveukAwQXL/LawwkTXZ/VQL67FztHm2S0u72vrvDc=","W0vx5bFujR8w95yspBIfb5GUqnWrEWAjzm+ckhQHk/4="],"block_size":4096,"path":"scripts/nanoscroller.min.js"},{"block_hashes":["qgGTuGuNjZmKZ9Mpc5Fw1iNNswS66ovdp3Z8HWtT6Fg=","F1MBIje2gFgAboK4DkjHqeZZZWLQUkdDa1o6ZOWdjVc=","fR2Sa0CfCtt8/PEYsrQZKUubsiJUEPyybUU30pRNcRM=","TkHt6CNmbNcR02VGYHJ/rUeVu54ZeYFDs0rE7S58SMc="],"block_size":4096,"path":"scripts/offline.js"},{"block_hashes":["vZMJrmjYi7sXzzd5Ermn1W488Pf7yKWb36Q3Dk32Bj8=","H++dW8xpt0wHfPjg+ie0kH/8K2SGkulQ1DTGHCk4t9M=","5Jf9m9H7mYIAszygDrsAcyQYPsCexpvkAj9KNJkcYko="],"block_size":4096,"path":"scripts/options.js"},{"block_hashes":["4W6YO+ZO+LS8G1rCsgb/J4SzLW9lO214eIYgvjt9PZQ=","wUtfgKseaizyzGGQ2BQkCAQDj2+zR5VVhz3cmWqDti4=","3Sn0oYbbwE4SsdDFTz/E068etTUIqF3AXHu1naSgaRY=","R5LnAU4z5OUsci5kTyfr9VCmqRMQOxibGGLcb5x5EtM=","5PU0OqiIhunmZ6Jw4KvR3yYHwt49JnNksI0J2Nkt9Qg=","J1LnRR1LUK9zUc/By4HbPy8g3QWAT3lVxGZqL8qbmdQ=","9V2pN5kFVJZXWChObXsbRFWHHG4Gggb1+J6FuRPFl88=","5v0ON0aVSSRFk6oHCQHl0bcw1TpF3Rkpdkw9GWQH+Qg=","GlrBMVAnQuhYdCLTvH98TRR5nQG5i48pgjfa3yvqngo=","jBYbzOWCQa+o9U6c4DdrMP9DLjX5P5ZiLMKd88wJczc=","5E5mcTRhdMl/fl2bEG847uuOqwIS2dXGhzNe9jKiDqI=","1xcFLaTHaknvBouCt66Q/Md2xMHorBlX6nEdobFQT7E=","zPM2yKYipjOaAsGMuQYNb5kB30PszPp1UqbeS2K7S9Q=","ZwrBsBjQQ0n8uMN1W1CQWKmsA+cY/oZSo5IKLDL9yq0=","zll/ChvQbkpfZaWTHW4QZ4mNbNlxKaW6V0oc/N+bmAY=","4RLm1tSHgheHoQIL+aYjhcbxQ7pq2DOZMFPYQztDMZg=","dlxPzTnNwBf5goBA8qfgcjpwcOwgElrvvbaZIm22jX4=","qRMsp6lvfukBB6a2qN05pb8/ts+C5bZ8vAdVrJc4Puw=","fD2uIF9wi/r0Qf+8VlUPrm+gTknLfEGCZTz3p/fL0RY=","FPTcuC+XOsQzPIZ08XYx1vjGa5S4q5K9NSC4pC6DtOo=","dbOLuRcbAIdDs5g4z+bWY/GpL86+WbM9OXr5IszSJZg=","woRy15MU8nGoIIwWk4Vxxyl7p1Bpyydkss0L1go+160=","nyOCCpqdbhg7YdXQxzqkoGfigW6QWhsMF9pzTNVmZQE=","4bWwIkrkiaLYsaEepA6eXl9wV9TCPrV1B/wNBI1KcD0=","VgGjCkaVnrNFnay6ARKu73CMwziaAVRhatHvATmUQAU=","YFwCPV+KYykaAbTaiExgtpqQKKikca3oLKG+mHWWnqU=","T+EyTwHgeVg45jkd97yeWEi5rOIR0+NmMC/oKSaLDAc=","C7kMdx+ihClrsxuGmSTZkbSxAq++H0zOI1E6QmkL754=","jLdescUqR2TQsVCQYdSnWuCOTlg952/yORviF5C2b7Q=","JGul1qtFh4UHDKIc/j7tUSMJd+wT8sagfTBWqIs6VO0=","tJUxZumuaTsIyvM1KY1DCs9vj5eo5ZsvEuAqVwp8Eq8="],"block_size":4096,"path":"scripts/popup.js"},{"block_hashes":["BETCrkB9BQCOi8g3aAeGuMCEIkVPMlF4Ia068FMdVqk="],"block_size":4096,"path":"scripts/style.js"},{"block_hashes":["Ym2gQuoXSiN4av6DjqkYelh5DMKSH3SAJ1alxjZzbTE=","MnnT8JgtJ6Hx48mQio6XX/4GHU3RqiB/L/y6J9tqqCc=","vk9i/nvnVEPVItYueGGR6tiF9L32LmYYBuavuLqaRlM="],"block_size":4096,"path":"second.html"},{"block_hashes":["iGn/X2RMQ4BkM+wEiC/lNW1zEZenNOhtFZh/Rk0Y2ls="],"block_size":4096,"path":"styles/color/blue.css"},{"block_hashes":["jKpiGOWaa8FjwiSt2m3SPDW9L+d+9vAVgRszSisGTjg="],"block_size":4096,"path":"styles/color/dark.css"},{"block_hashes":["hrwgj0Vz5FeDvMpppKn2EUxR8L/5XGw2U0Ik6Tu+4EU="],"block_size":4096,"path":"styles/color/default.css"},{"block_hashes":["w5dD6eiU7FqilZyBpvUdPxYOerYIsam4GuHmL7XsDak="],"block_size":4096,"path":"styles/color/green.css"},{"block_hashes":["u1ziwfEd1+Dh7a6KiVD0yUrLkpuj+htA8TCqlHOcir8="],"block_size":4096,"path":"styles/color/light-blue.css"},{"block_hashes":["XovXd1EMMD2BD4mHTU6EllwHcpO8eiomd6sFhaDu6YA="],"block_size":4096,"path":"styles/color/light-green.css"},{"block_hashes":["aC8qkT/Xumm0aU6zoXcPAWn5enuV7ReZvP1Izc4qqtM="],"block_size":4096,"path":"styles/color/light-red.css"},{"block_hashes":["bvSF/JXMJECn6whLxRqSEgNTA5GFN6wW9dPXrT470p8="],"block_size":4096,"path":"styles/color/light.css"},{"block_hashes":["qBLpnbShQkriuc9ayeUHp8Q94nICZtlNHP2EF4XlTkY="],"block_size":4096,"path":"styles/color/red.css"},{"block_hashes":["TB5dqUtIrJsF4K3pWdhXehgYEm0O+5FMm6zuhiBmQaE=","KRl8vNlU/67u6Sgtgd60Cw+QwXvw3o677z0YR7wx4x8=","VS9+Azd5uthUkcHvTBwd4+JS2L71fg7U0uQBAR9mhxI="],"block_size":4096,"path":"styles/jquery-editor.css"},{"block_hashes":["eaxofbLCzeY8mDpgQng0C5wHTOv6Rl6QxPICjq8SwwA="],"block_size":4096,"path":"styles/nanoscroller.css"},{"block_hashes":["epV+0pI/spSpOlLZRNM60ksxPGn1TEeO01NFUDyNE08=","tz5ELVFfYlI5e5yJJNKEiqeoDz3fqLd1F6SB823tmZM=","tZW1erLrJQ9m7XGpCgsBmrYWQ8NVeT05F/NCgAQCQuw="],"block_size":4096,"path":"styles/options.css"},{"block_hashes":["xCHaynBHK8gl2QRI/lBpOq46Ez/4KiJkpaUPvvk2ReI=","qrWTV4wdATOffHWtCRpavGoXQ2DdQqpuFbcaHARJdxE=","YaqOy1+p/+v9nBjLl5iZrEosRrb4Qj8lzPjNxDT4BnU=","TQzG7aV4e40KIN1jc4wY7aBrvR87Vyu6ml20N8rOLKw=","0ex2KA9znpURZzDz+I9drpaptbySA629HFVngGqLmTs=","IWO4BlHoz5XEo7O5idah0/KTk9oKzbROWS+/rBHk+kY=","2zDLfIVL9Rppdzzqa6N8tb04G2RRas2I8T3oguBPgb4=","3mhvwYvDCCbXr48bOW2WBvxwASLCD6mfNR68SB7Ppm8="],"block_size":4096,"path":"styles/popup.css"},{"block_hashes":["5j2KuT4ZrmBM/anqr4+CL/YmhJ5dkQ0aIANp8Le1U+o="],"block_size":4096,"path":"styles/size/big.css"},{"block_hashes":["/P80w1q8fRJLT+6/1xOtFa1+e93Mw4h4GaL0HgB1BAk="],"block_size":4096,"path":"styles/size/normal.css"},{"block_hashes":["qfD14MbcEnXYFhjIjJLEAYlfKyvvSQWqi37epHzFXDI="],"block_size":4096,"path":"styles/size/small.css"},{"block_hashes":["/ZwVSK1i0aqoD7dFKStYdekUXLFNQjiy6UjYBPHT5H8="],"block_size":4096,"path":"styles/size/very_small.css"}],"version":2}