{"file_hashes":[{"block_hashes":["TwJIx2pFW+gi6OQNahZ9k6bsdw7lSVzovT1u1XEETEA=","+WZZTyNj7vKaky27VUYUy0Z98kRVoNpxUbCrNWacZA8=","pY/kmEIJVrL84lFA1YdLiX+HH69rvmkEqkSP3vkCCMY=","q/XmAoDx4TKe89bOpGDtLBGzRVFVKlI+FiRA/96in7M=","LDXiqAjZ/Lfy86U3Gox5GLFOt7ZazZvVhoxeQoEoenY=","TGwOzjImRbQIDTSo71tlq5qyd6metMZHg3Moyo1c27I=","JZ+x3gEeNdpupJumz82y94nMF91yFZEiMbo+DjSE12M=","9CHHSeSRlbC4EPkl3zaCpaoeLUYZgbIn+H0Dgl8g7kQ=","aDrNkBA6e36fhZ+YdqngU2cBvVbQnbpmcrDJ/OS4/kA="],"block_size":4096,"path":"COPYING"},{"block_hashes":["Fxk+J4x1SdQo4OjChkn+U3kUyOaEGcjtmrlVyjw49ms="],"block_size":4096,"path":"assets/images/about.png"},{"block_hashes":["CnM7mfzQPF5jWdCXOhabv6+USFInQ3SA2ccDu+WOS0w="],"block_size":4096,"path":"assets/images/accept.png"},{"block_hashes":["NSra+JnngU85PMt0iMJMFxti4HIiDX/RMBmBG7vrQNY="],"block_size":4096,"path":"assets/images/add-mini.png"},{"block_hashes":["wGpS3zNh3zgKAqRRWaCFjW982MvD9x/3MqZdbCXqavY="],"block_size":4096,"path":"assets/images/add.png"},{"block_hashes":["1DFwedlkowBzzcmbXoT1rJiErR2CizxjpVhtdF7LrNU="],"block_size":4096,"path":"assets/images/checked.png"},{"block_hashes":["LjDrJ3yVFXTPpHXiZKXmaDs8BNqLxfkSVSt0J0Ni5zk="],"block_size":4096,"path":"assets/images/chrome.png"},{"block_hashes":["wZWkNqWxS7lHOiY5mhdlBBf6s7XVBCxLy6llBLgRgUA="],"block_size":4096,"path":"assets/images/close-tip.png"},{"block_hashes":["RulbgYmMlc0qq45FUHno8ttPsmetfiLnIl8iMvzZXX0="],"block_size":4096,"path":"assets/images/close.png"},{"block_hashes":["zgeotQIuWaG96WkLcgpr8Q/Jdn22US0U6/8nguxitb8="],"block_size":4096,"path":"assets/images/delete.png"},{"block_hashes":["yJtWxVuTSx8F7wHUeqcWm1ygMiw30fz2KwZ9Zg6ynxI="],"block_size":4096,"path":"assets/images/error.png"},{"block_hashes":["zoAbSDN+OxUoAJ6VbWMDrMOyqG6VzJQZ/raEqgti9J4="],"block_size":4096,"path":"assets/images/error2.png"},{"block_hashes":["VQKO1lpFzAiCHxy4d/J2SFz71dYPypgL2raQL4emnA0="],"block_size":4096,"path":"assets/images/filter-add.png"},{"block_hashes":["o4Mwk7+GAadlMrnVPF43c6oC6iExsFTWMGzIV5/H0LY="],"block_size":4096,"path":"assets/images/filter.png"},{"block_hashes":["z8g+06MQUJAo8kVTn4UW5OZ8ctnDf4e1flrs9aB8v1k="],"block_size":4096,"path":"assets/images/help+.png"},{"block_hashes":["LmFT0g3pzj7zcKWwwQMD0V6e1VeDcPRVyTQdkiocR2I="],"block_size":4096,"path":"assets/images/help.png"},{"block_hashes":["84+aq4kyQJ2ockYhkqZM6AaO6e2Ogckx6WqT8QfORm8="],"block_size":4096,"path":"assets/images/icon-32.png"},{"block_hashes":["wtlynK4briY9k7J1vvDU0xLZthfgqfBqFRc/iOIEvxk="],"block_size":4096,"path":"assets/images/icon-auto-blue.png"},{"block_hashes":["r3ok+tQLaL2hr1Llxhc9j8A3aNGhzPlKUgIfCPLiP6s="],"block_size":4096,"path":"assets/images/icon-auto-green.png"},{"block_hashes":["JYjaEJP8e+cnJe1uoZXUds5Fj2jUTtIBJlEz9R9FUJA="],"block_size":4096,"path":"assets/images/icon-auto-inactive.png"},{"block_hashes":["btUnIWfxdpRWTC5KwyESrqn4L3S0cymyUqJJAZCEqX8="],"block_size":4096,"path":"assets/images/icon-auto-purple.png"},{"block_hashes":["OhRP4BVKwhvvlpbGjWz55s+5rr14d45sIRT/WeWPCms="],"block_size":4096,"path":"assets/images/icon-auto-red.png"},{"block_hashes":["qoMomybcrW+4zxJkP7WSZ/cuGkV47l/26TMahwLQ7DY="],"block_size":4096,"path":"assets/images/icon-auto-yellow.png"},{"block_hashes":["AZh120tz+R9byfKgb5O0bpIMeK3UaUE+/GD+ccWto9M="],"block_size":4096,"path":"assets/images/icon-error.png"},{"block_hashes":["UI9CikiNza+AxMdjOWGY42qo3KMU4qE78GbulxxAT0g="],"block_size":4096,"path":"assets/images/icon-green.png"},{"block_hashes":["xBREqPAAymhtYZOshB+zSe/J+Q0nhYjDrlq3eEO56Qo="],"block_size":4096,"path":"assets/images/icon-purple.png"},{"block_hashes":["ofMGL3l4RTzMol5ft9S/n9QQF/gVGj6oyHvvSJ5UEUo="],"block_size":4096,"path":"assets/images/icon-red.png"},{"block_hashes":["eR2uX5YpkN0y8C9NlwPfDzesOs4BgXqXnUUVWVErtOI="],"block_size":4096,"path":"assets/images/icon-yellow.png"},{"block_hashes":["4PSBulr+Q96FyS2A9mRxEm3edUagSAcbAfMVIuOFgrk="],"block_size":4096,"path":"assets/images/inactive.png"},{"block_hashes":["/5xI2MLQY5Mseq3V4V3f3Ha3ERvwcV86GSu6Jt8sUxw="],"block_size":4096,"path":"assets/images/info.png"},{"block_hashes":["2dlJma3sPodemj9kctC/11az8lOAtbZdBbibigOrC5g="],"block_size":4096,"path":"assets/images/load.png"},{"block_hashes":["Dt2qs7jLCxXYHWLlrllgMpw+V26njcMhsgc0qyAnGEc="],"block_size":4096,"path":"assets/images/loading.gif"},{"block_hashes":["90D8Rwgh68bQr8gT/SAwNn4Shzf+yZbvxMHMmAdxxyE="],"block_size":4096,"path":"assets/images/network.png"},{"block_hashes":["ZE+v/GWfseZ3jPUpACL7zeF3lSxmiBhI5jgO2RIR6Hg="],"block_size":4096,"path":"assets/images/ok.png"},{"block_hashes":["wubgBe9EEyoNTO1I80bfxiOx+afsIFBhHTw+Y399Or8="],"block_size":4096,"path":"assets/images/omega-128.png"},{"block_hashes":["ZwzoePWev1NSLVwtruTNUHc1wQo9TPNIwnEx8e7xmjM="],"block_size":4096,"path":"assets/images/omega-64.png"},{"block_hashes":["p+WQaxWvlMIUjdpSoshGJRrB9ajYyaIsj7X++3RMXOI="],"block_size":4096,"path":"assets/images/options.png"},{"block_hashes":["8EtKyGWD/35aVhGZtpcY68yfUFS6Mf8cbPJVlMNfj28="],"block_size":4096,"path":"assets/images/profile.png"},{"block_hashes":["C+qTFHEsQZtY/+mhR+duTcWR6rw3EP23uOwstSoHC/o="],"block_size":4096,"path":"assets/images/save.png"},{"block_hashes":["AlOWDR3fSjBg/9T7r2jhc+Du6MIwY9BEbyItMeC+Xos="],"block_size":4096,"path":"assets/images/switch.png"},{"block_hashes":["AR9OM9hrRIB4or1WtwYHcLLAeehqrStymKsNshZ1jzQ="],"block_size":4096,"path":"assets/images/warning.png"},{"block_hashes":["JfWdlng50wkPS1GGVW7ahBxOtHIe06uMB9hvf/TIcPs="],"block_size":4096,"path":"assets/images/web.png"},{"block_hashes":["05ojTh/TSlHkOrJHRqjmoHTnNp4v0RZTcWzYae/vsJk=","D9ZK3iE8XacEfoT+mezV/PM5j7wgS8HJsh4xsduOmk4=","aTt8zQxYx+lEod155ygOKaJ7Zylp14VpVc+Mjn9W/Jg="],"block_size":4096,"path":"assets/libs/FileSaver.js"},{"block_hashes":["6RBNmphpuqSHolRXCDrmfgFsjJ5k6Us201VZb/vLngA="],"block_size":4096,"path":"assets/libs/data-uri-toolkit.js"},{"block_hashes":["qIbZF+v/gy+lTy0sVZqc3dSmnokoCf4z0g22NFVwbdM=","vMXOjzgDicIQfpt+w0NNktLVS5fPXqyycZkhrDQ3wrQ=","XmerHazhwWwNBREG2aLFYcnFPMKKHqREC7QC0XaE+zI=","fLtU9uBERs1hRZE0PUeWv4FTXaypvzqUDgJ/V6C7auQ=","oqcXBjPRiOxxlCdWSqh8tHKiqRVdukL286zJjYLowPU=","1SSjr6BNl3Mf/VYZz2hBVfg1Qn4+w+yI+zdk4DCGgVY=","/o3L50Ll2Q8wqNeYs4ajiFBwckz6mMsm33DN0P146aQ=","iITcHG1FwiaOe+AA2Hb+fDrerCjxfG7h1EdDwn4lnQU=","m2aXwUbolFB08vSSpyq4O/WQ1o3DDqgQdeHaEXMQ4p8=","EPYZt0SMytTGXKOZ1XrPC7xuT6tqX2UM6rZ5zTkyPyY=","o5AgPd0KzpTVOg+nTHh0L9FfcVn5E1/RDYWl34BWpKs=","UjaIlAn42w3tGbbD6Kbp1gPImKDiv1UrY09CtoqwsqY=","deizHSvCtqEeX45G9L7Koj9YvDLbCfTcux6JDU4RiU4=","WBFxWY8JmyHBy9N87yRYuhKMDr632sZSq3lnJ+wxp3M=","j0P25cmd97SjeGhAqzCmlMMmogduqI3ainbn4OMFPmo=","0WgsKJMbnJlEJTKQdMOH9sBPlJ327lLejL78u+pwA0E=","/g8HaEMGyIP6UDrkqKQ45z+S2Bbf5mY961SebCeL8CU=","j8AV+yoZ9d/Tvvpf4BJdJQRTWiue9pxS3zzPAJYue5Q=","264TiuOeMmX2P+MaI/45igiPLKttwOJCwCJuJi2EDG4=","WjlEoWoZoeJ4RvHLmqMlC9XR3cxvcrXlp3rxDugEhpU=","zUf1InlNKMXe16EHyRo1KzgfvZcAouKClhWY3eYlB5g=","+g5Xcoa6KhdY4+ue92GqGISFw23HLs8saGuy41OOyxM=","TIz/Pj2PVPtNjOF+TgIFpIbh9unn1C/uentswtl2tHQ=","LZcJPdIswWf/qk2wcxMNK9h9oXsvh717t6wtF7SKMxc="],"block_size":4096,"path":"assets/libs/jquery-1.7.2.min.js"},{"block_hashes":["8OlaghYH5C4t6a5kO/B8KxPQSlmt1cX13Tjo7B+CXQ8=","LVfj7y7Zh0gewrU2PcH8BvTdoniaYRZPwiLuYjf0FJw=","a3hWP26VD2Rwd3h/TBvQbNVhrogyLMeW78lrydnAr0I=","ez/xWFwdaLbNIGVESnH9S6PhKDstxQ3ASV64tLLvxHE=","mAjYLvEGJC+419vzwyrtFT1D7o0rwHsX+u8DtD3nSUY=","bA2rtTv/zSc1yihQK45Va954Qt+3zYgQ9WwKTMcK9ew=","aT8SYTQMyMsmwcdPl979dudS1yYLvzb22F2TrSubjBA=","/biiMwuwgnGKhKfiNTYi+8uLRyFdffRfF/6ecLcOGrg=","wSI7igkoRcLWHq+WUdYmbVF+K6aCm+LNsXVmFiA3e84="],"block_size":4096,"path":"assets/libs/jquery-ui-1.8.21.custom.min.js"},{"block_hashes":["TgJGtbki5CkMn+f6xJtrunoq5dOtaq023iXEo7DhAok=","AfQeG3owJ+hsr+e8tzuQHh1ea6OCoXzWl6hb3+tRyL4="],"block_size":4096,"path":"assets/libs/jquery.base64.js"},{"block_hashes":["CuuwVgV8m4ixvID51FfkJGZ6jFvoiBtWJRrRg6AdptY="],"block_size":4096,"path":"assets/libs/parseUri.js"},{"block_hashes":["ZQdyU8FbpTvgoWGuTilM8IW5uxIJJSfY54YA6LPuUFE="],"block_size":4096,"path":"assets/scripts/disabled.js"},{"block_hashes":["SiaCZoe+LI1LigxNARVyMsmFxW8jd8UINgwm4mXnhLM="],"block_size":4096,"path":"assets/scripts/helpToolTip.js"},{"block_hashes":["f/k9Fx86OIBNkJFQFw9H6H4K6RZJh2TVArGVMTYU8N8=","2KWAOdq8BKQhsmOmGcqRBCjCV3wINOy3MkQYP92gSio="],"block_size":4096,"path":"assets/scripts/i18n.js"},{"block_hashes":["jMb0fdZ++FKtj1v2TPMBQJBe2llvmG/LUtgCbAcTMFs="],"block_size":4096,"path":"assets/scripts/infoTip.js"},{"block_hashes":["opNWOFBTwBvNYakMnDcOacLihOzLa5G9di+hpKnaiNY=","bmv6uLPFlGMwxMsUWCOrhzc/ZzWABfxSbW+RJj0t2aA="],"block_size":4096,"path":"assets/scripts/logger.js"},{"block_hashes":["DJL+tXDierLJWjR7bw4xokUOo3sDQiLbcbtCwBiOrAI=","QE7ONvHSufwtFLLr9Sle+RW9/XB4OeNF8prAGvgdWXw=","5mPN7AG1KgcDPYIKFCbl5PrSz8OUtAi/Rkf/qnIRBBQ="],"block_size":4096,"path":"assets/scripts/main.js"},{"block_hashes":["EsD2bOTzMIlI6XFMxlft4cyC+vwIQaUKfpRZi0jLbo8=","nPLutXQe8cNbaS6HvB09fZ3erSfY0RU+f7DJpO4mZZI=","RPGDBVd/Zr+g3SxEqypGvwlYYmTetwmCrrIHABnhuIY=","oFytN9+GzzCHbFMhNXXhl6FeUrps3o4wLOK4d4DtvgA=","+ochODAboUD654Rr2IImMp8ECCGIVlHWxxvF3XsQpqE=","hYZRei0KWkIUSYavZ7uNBbTu8Mq4nBV4/fB16cL3OOo=","5s0mWibSUbyIFIGoUqPrQd5OCvAbNFiXANXpSK9tCZk=","J+YrNfxz6QyBQaUxtmuXZPiCbQoi6OKBAXWTptp8LEM=","XIRmY0p6LUpD1ltb7enfBzqUcLL4fggaBmC8q3dUDkc=","LK759JBfBPwuh4KSQ8waKkEAtf3vL9bu8J31rV29W+Y="],"block_size":4096,"path":"assets/scripts/options.js"},{"block_hashes":["kUVpZQvi5Tq54BxLrMoZlrQhiqzxbWkC2gzBk6wOL3Q=","2zmA6obp3mAPRCjTGhMf87J+hlhFd6PXsGTBS27m//Y=","3L2oX6MXwDIhxGvcze3bLpiuDD/o6W1udxA1CoS/9d8="],"block_size":4096,"path":"assets/scripts/plugin.js"},{"block_hashes":["qlzwcM2xHolZoUsuxdMbclpqjpqr03k18iGlilwN5kg=","ivc0+nUrFwtvAqt6y7n5JyH2yuJnxMqumVzxe9ozElQ=","QH5/N5gAss2dIdZuTnkgK9k8bbEDBvVwWVcjAYGHM9I="],"block_size":4096,"path":"assets/scripts/popup.js"},{"block_hashes":["uWTt/ueVqa6Fy2m74MdaujR8TqV2QcClSIbNAoiAc6I=","8TcAei6cPM41MWQfpu+euOAlMFUGVjbzsTl9HB9YuOA=","qtxdMPegkFDzOKUDwbF7u9BUeV8rapVl0GUVAEkfpNc=","JaGVbd6qOvs8yvq9K0fLUHBu6rZ7IZG93zUNntOXZn0="],"block_size":4096,"path":"assets/scripts/profileManager.js"},{"block_hashes":["nsNuWCNgd8X7UzpcizP7WbWixKr8tLRcwI+K+uRB4zk=","vY0dRwkk46V+sbniQlizE/LCv37pH+M8NWur4LJIEAg=","WoyUwUlWubjdAyfgZT3FcnOnJpUgt92nPfIODKZDrEo=","QcVTYRPQiU4jbG7oanHDFbJNSCSuYzMfMAq0lhZJFW4=","1iG5NA5X9VVxlOn7QWrsNPbfR88Yy1aDOqOpe+F5jGc=","byPVm02YlzIiYQQt2GUNyYGZnLUHxFFt60jjzIUHcf8=","tpsRC8iKGF+NZwE3LhWYAkMsE4PQg63LWFdWZB4rZiI=","WoMv3hj8nxyw45QTqMygI5E05/Vaiw01jmyb2DITOfo=","6aR3zQmia1jMlWgdspqx9pqYNAfSeNIU3nTCihSr32g="],"block_size":4096,"path":"assets/scripts/ruleManager.js"},{"block_hashes":["QSgoqdXqi0HzBNZpu6bjIcotTYX5BGHz5chsUO/dijc="],"block_size":4096,"path":"assets/scripts/sandbox.js"},{"block_hashes":["ohE0fCQGjEcnbxz9utjkLSxQ1l9+aGU5AaoLXEUS4xI="],"block_size":4096,"path":"assets/scripts/settings.js"},{"block_hashes":["P6PwYu/4NmbtIXN7f780rE8j81eL9cjAOMyhjKGQic8="],"block_size":4096,"path":"assets/scripts/utils.js"},{"block_hashes":["CvoC4lMmG/WURhv3av7galqL6bw9K1N0hJLotEWw9gk="],"block_size":4096,"path":"assets/styles/helpToolTip.css"},{"block_hashes":["pybCdBhfBijYPvMbUxwNsfA3SY4menRvu/METwXvL0U="],"block_size":4096,"path":"assets/styles/infoTip.css"},{"block_hashes":["Zit/0ym5t1W30CTJ2YoBQMZ1FLXHYCLx1RFW+JPAWak=","NMDfFNA/RvWVrWH++cUKon+nEMcTU8I+yGlDodIgFpM=","/yLoMitQWnceTDGuwJzpVP11dNDH46/tJrXYQE+UNYs=","JmfkhnBwSOSoBOGCv/hPVByoW6a9jtjBP2HYtPpcCjE="],"block_size":4096,"path":"assets/styles/options.css"},{"block_hashes":["CEh4E4M4L8H/c07wXS5idc8gesgDAqpJWsEkrS1kHBk=","lkDEWd0y4/B7vygcYFoQQC4EntaDGMTOGj48u0L/WKw="],"block_size":4096,"path":"assets/styles/popup.css"},{"block_hashes":["BAhRjzVyxyhGwJ/v30y7E1DyJKAKKIQe75jkVPOpJvQ="],"block_size":4096,"path":"disabled.html"},{"block_hashes":["ekw//yz+s/ttWSks/O6tWwlnoR0Ma70iRj5yfznOCUw="],"block_size":4096,"path":"main.html"},{"block_hashes":["IQqywiiaTLi37zPe+WIRbHGbEIOk5SZJkT4E8SNVmUU=","YiwIkFktQm5fXrjLtLJIYCdbH6fgvSmWfEB/E47TUYI=","XS3DUKyGLxPqOaL3Whb/6++f0esyxfzYrQrJbkySAVc=","RVQmD6xJ2nopj9PSNqdvv63sZe7tANqYe104ZGcVSqU=","9SFaL7i4lGF4qUqTpu6xIgZBR/SACupKftIp//YcNb4=","/gregBmoU/zMwVhnPg/MKGRtc1f1fic+r5UABkUT/Aw=","IR/ILnOjq4Xon7BSkENSmZzrdZm2Bwm1yZ4JVvvd/Kk=","6S65e68Ii9mORNaclAeUwl28+dzXSgDnF8zGZjtGOhg="],"block_size":4096,"path":"options.html"},{"block_hashes":["qKuK/wJ1XRkAMUEE0vwwi6ShtWWlAeqXs3Xh6dojyxQ=","/8wCgpY8UsWsuKr5sf2kTIsvhpXPabjxSd1G8AUBzVA="],"block_size":4096,"path":"popup.html"}],"version":2}