{"file_hashes":[{"block_hashes":["TTCiJJ2fa9jG2/9LdFHvouqX1vbFUIxFgxEJHIGPxcE="],"block_size":4096,"path":"background.html"},{"block_hashes":["VowaHELwWnTT2ZQ3JJ+Tm0em7P3XBO3TQmJ1NDHfN7s="],"block_size":4096,"path":"img/IDR_BOOKMARKS_FAVICON@2x.png"},{"block_hashes":["S8lnurVII1awQSqaZKH4i+xnn8XEvTc4jsIMi/Upe1A="],"block_size":4096,"path":"img/IDR_DEFAULT_FAVICON@2x.png"},{"block_hashes":["2u0Blb8iHXq3sg7Qt2nUVb/ZFXS7DQruwAi+qsuN9L4="],"block_size":4096,"path":"img/IDR_DOWNLOADS_FAVICON@2x.png"},{"block_hashes":["fCvcz9PskNt8uzzM3E+eQMhXX/BgFUhBTewTpB7+Q4A="],"block_size":4096,"path":"img/IDR_EXTENSIONS_FAVICON@2x.png"},{"block_hashes":["dHlP9h/bQXJ2VYgsjurj233KeYe8rztVx4iex2IJ7V0="],"block_size":4096,"path":"img/IDR_HISTORY_FAVICON@2x.png"},{"block_hashes":["jaiz2iY4QKMXb+WYfWH+yfdmxSp8J4z9VFDvK1uAQvQ="],"block_size":4096,"path":"img/IDR_PRODUCT_LOGO_16.png"},{"block_hashes":["ClFgbfIA0U1JJI+7P6Wi08n9sTVYatbuNbVYDmWo7rc="],"block_size":4096,"path":"img/IDR_PRODUCT_LOGO_32@2x.png"},{"block_hashes":["sRYlepopCP9BdevISAR3mBEU6rrcTCIOPYiAOqVH9OU="],"block_size":4096,"path":"img/IDR_SETTINGS_FAVICON@2x.png"},{"block_hashes":["zHKxn7bM6BP1kLDK2d5RJdVPGAszxSYLmzTgROpf8Ss="],"block_size":4096,"path":"img/icon-64.png"},{"block_hashes":["v5eTNtr8qJ8JSwnxUavpkrptD8qE6KAcegMbfNUmldY="],"block_size":4096,"path":"img/icon.svg"},{"block_hashes":["Zz/c8jqJfc4Kcy6f7U7zf+4oY8jEpspTsZ7zSDeF2Fc=","vvAkk4nHx+Opg02DjOJfioNN04A2aA/5jSgz9MhT/4c=","zlfes2xg75Ma1UWZBE2Y3L+f/FsIjVGAep3AKC/FSMM=","9dQn3Gb7MkZ4bdxuV76AKT+rbzEhh38B4OSTPrItBS0=","bzlWH4sst+vdAMuOIk46avbtMh4VMULdokxo/9+/MKs=","npXI72KJOvNsM5gw7jF4+SRszhlj+GKEmg42mueFdY8=","lXk4SNkQWuYzQsc33i3zjyvW05Mi3VZK+tynjC/FNdU="],"block_size":4096,"path":"img/illustration_collection.png"},{"block_hashes":["kEzpJCwZ4wrqF2VmvvG/09Rv48Tz3A0CSLM7+eFF/Y0=","+mYJsAzFe0rDY2i6cStAnKljw/UbnKawxV9ETnEjGA8=","mfziFj9aAkM3Yf0zxn2IfPtV/S0hm6AS/HrBJBPVhNc=","x62PJqwFCCyKaAsdokW4+qqhbfrOHdbXj6bcqClZrbU=","w5FgxUMvt2HZVF9+U5hP25UjqNKIhA3VvFFDbDdHPtY=","Cog+M79A7uoJJmWc/dyN38c/H3WFfnUr+K8mDkfGc9Y=","1udl61vk4SZH1nwSZJKA1ilpZl2t8vEQKNfpNLStZZo="],"block_size":4096,"path":"img/illustration_collection_dark.png"},{"block_hashes":["SjqTjL0GFZ6XwB8snzNCwnqrekJsKh6MTo/iD/v0Pg4=","4YV/189kkC6eCIwBDg5rNbskEUPKloWRFWxm+BleHKg=","MrFK7q/143YaqQiXL5n4QUNfLWl1uicclrLWfMeSJ4k=","hwoCcOspqDjXhiwB3nZt5TJIFdfzlpNx4iUaHr+FEfk=","wrnyG9blQxFUccEaMCaJe+Stif+KpX5zq7ZTaDJKEdM=","r2mnyyXicWbSAsck35/NjgIQ/S0ABpN9pVKtXilLlMw="],"block_size":4096,"path":"img/illustration_file.png"},{"block_hashes":["9SgQeL5CivT4vZJw0fhC9MYv4fn0XvUWWhkiSzpjkQE=","ArNwteLiOv5ocznNMDtZd/+wggA5uQaurxclmFXxP5Y=","IQ6BQLFykXPrtTb7uCfbsOinmR6+l/mtY7YkdTZOs7I="],"block_size":4096,"path":"img/illustration_notfound.png"},{"block_hashes":["STvGesNGIyhUqX33syzEGf6XaN26pkNLS1L64B35kyM=","ty3IsLylpD+0Vc7Zqyeum0wHZgKcpbRGihHqRC2ugHY=","m59W1kCIzdmvt7I5pVyIOcJ8dr00YZ6BXg7v8QMwzgY="],"block_size":4096,"path":"img/illustration_notfound_dark.png"},{"block_hashes":["sJ29FwrNcBao0t74kRCQkpgIKcVqcAn7qvtn50cur+M=","lnxoKLzUI3Oh5KpddzYpcXNVY2hlJduCOGSMOI/rwzs=","m+T3hokXvKPSf7kaFQDzanybt6CzLXoZ8bNZonlDGOM=","Gz11m6ISoTNYi1dn1R/cEWNqxwbDUXoC08EcU/BpZs0=","JhOOSgSsir6j0hyGa0Cw0yz1nFp9tAeQNhs5UyWAaXU="],"block_size":4096,"path":"img/illustration_project.png"},{"block_hashes":["BT1djlmX7AkwlYmTEbMRA6uXXKqR6x+dQWe5d35qWJA=","HCuX8eFxh+dSug7YpuEBaYMrjHD7gC+KkXV1PfPuHT0=","BzSfq7tGJ1m51yFeZqpm7oHOgNFTedv9JcKRK6ZnHZs=","QEqND2FuwMjuhzQ309H/wjj1qkHg+ycIGK/FSVi5Ju0=","bm3C4FaOWa0eJp7jkRpxgtXolHTmFjngefb4NwCyWaU="],"block_size":4096,"path":"img/illustration_project_dark.png"},{"block_hashes":["DezvwwV1teJs65yZsFKTWJDZdjzL8nCX7VVhDX9bbGE=","93il3hvYqugM4TjIqddlWlENTzLiUXZWPIfnhf9OaZI=","870QU4P/GcYROWHdFCPwhhnz4BWldAF0qW+9K+3eU/k=","OqrMsEhBjw9VAAyQdcbjpsmJeE1qJNo8wwD/7psNebk=","3k0Br5qRgmBu+uTBeJxqeNY0od3PTwXL7YfxhL0xMjs=","OUlOwMnKzseoJAeiljR1TcXwo3QiF+PeicQDdy9B9DU="],"block_size":4096,"path":"img/locks.png"},{"block_hashes":["4PeQIWhFUPZaLmWGXMCfSINSC/2Q3zI/iM2NOxz1vXU=","j0lGufKCkVIf0D1h2CWynPgwmiV4katPYynPYYnBR4s="],"block_size":4096,"path":"img/share_btn.png"},{"block_hashes":["ylLK0HkSJJApHs0YsVZN5vatmME9PU3iHLtCoTizAdQ=","VROEqybQYjfzFUoo60mex7InhrdFyFG59nebZR380sE=","Rv5FrpB2zDDdwJm9k5RunWmwmoIhsr9oQ1NstrfzMME=","tThTqKSweI4FXkISk06leECxAjZHzgOsC9J+YrGTswc=","N73QZejwjKs3/e8BX2dYccQPzAeHUQSM9o1j5Fjfpow=","r5xfQvB2wbNkcBYV44VAwn4xQukJWSeKi3IRuejnLCo=","Uhf+CUpjoxDeCM6G9ebuYKSeIlYOXfD71OBF40fkNNw=","5f3JssJ51YY/FXS6Bfs1jJDN5P9RKJNZaz3SwoDJdkE=","JTfzWWoyrjputsWeCDag8gY/WPmICygtV68CQE9qQtU=","Yk6u3ThfOHpA/TsBW3FAG/0npHusIlaozAixcV/EBKI=","G89HXJUf11t3d7L43p2DSpF7yQH1xLZtSMWKD8LAzrU=","eqv6L2uyOlzcteYb1Mr6U6nFrbw8MZWgH6s84Av6B7c=","j275w6X0YHHmmPyEHYPqvdxv1XXVipfjamjpd3lES3k=","eONE3W/HDD50l6f7VZ8MQ9jHyDgpfx/cc35cy+sgyTk=","lTJfpKE7xID/AqpbWV6bY6m3rlVNRvbI3Yze1jKd2lM=","iFyNrlUcyohjSOHRNW1VZyT9ySjaC1618nY224eULag=","TVtBk5mNjxYnl4lUCAChVsmpahevvlEVLj6sS13ZN5w=","igE8HAIVjYKldEZeDcXDqYkoqm9ObZPIi5TjLUgVlno=","8dNraqCkeyHtTJBt1iUrLoTdRLFM6Aw17lPTijVsYjM=","gru8iWqCUBlP2GZIoBZa+fhfNFQUOrtayBn/9CtQ2HQ=","xIrczKXMOB0py1km89hXZbbWs5/FXxAhFB/QaSZ31g4=","8uslOusimQRpgma+yLnSRUD8rqrrgu7rFODQKznG2OA=","gv0ksHc8QbGW9P84RlhwDD5+SIMGA47oSCIAoCto6AA=","CwpwaAeJ9ldpiCXyskJ0Gazx/luEL77tJCW64n1hbsk=","UdNjAD+1gukRsuI9DoNG8yEQLv+vKkxd5ecCXEhZGew=","DcPmzQHy+g5FqpmO8VJpcWNb7IQF12EuvmT1Cbwen4E=","DamtlKzoa2VDca3DXu2CLfK7Qvk3IN7YG+XkixtaahM=","JlG35Qkom6VjSFy/ykR0il9WhAIbWCuwf0GEElrh6Ts=","MionAPyBEYt8OaHoOd1gQmQ5kMwO+fJGIV/t8zKMvEY=","cKcPzxDrqExfvrVN49Lion2WHVEeKvPXDPw0dFebOKs=","446x7gzvDWRj6WzgsK1jWP8kV+2sYH0UOiB4jpUEmss=","O28km3sUBBK4FeeMADZ6yqCJANn9zRiIlIAJkp9FcsU=","BeI4febfGDLDTBY7yy775Dd32qOYXgw277ipsz0IENw=","xcabBJkuv2aezjYSKasOLcNvO14g++VPAfFeHZJgLXI=","fqk6m+77KpwNmR/baVm9q5lGbepzdfvzEnkIp0nheCI=","Wf8MaCrGamgiRLAc5aL8j0dCd6MdzhQkFdCo6MqJ354=","qZGOMSpDV++aaQkXm2iGpltkRLG/LYFUc0sKEI+zI0I=","lhnx6B4ey1LnnRjRKqZd2WEVpkkfHg3XhijqfLpc82s=","a+v1Tp1pTX50g/dpyGLczR1Bd6su3OAtpJZyi4WvKlM=","zdHbJi0m5rxRjyrWTBW7cQn9jIWLCY+guavk5vE9vZg=","12hTzyT7CxOJaifRoqXy35XJcPDWGmpzyqrVsPMPiV0=","MJVsrqAZfrXAj5Sx4suJv305FsODSdy1ULKCru//60I=","j19CSzAPxPI3S07pM2SfL3GHfSz5RD9OLpF4pu1oJGI=","M0bZhOvJxmjJ1xokednTMOH2UppPcER05rtkfp63xXs=","PR/DhNwQW+CQi5Ydgy3M3Ou9T93sQniTh1bBgGsx1z8=","LVkcVCbwZt2U2qdSRZbj1qEkMEvqxHbsRZpB6ukbuY8=","afvO0QH7KRivJ0kFOGaH2B0C4KNWKzZtE6WIgD7aQ1A=","bwrB6ryDv2IIW258WOBCRzPipKRFCl95AGcmwqe0VdM=","P+0tx9179n2oA5wx5YCQeaUgMnbaNNNL7mXyTK3aeik=","1krYhZxi98AT9Iv6Q6L+zR8DWKdBk/fBjEn+AqlQXNs=","HhdAvb4yniARj0kyu3Jrh7lq48RdDXCUk20RnYhly4s=","FqW8+IViJ77tyC+NTs9+is+ljja+Rz972CJzj+YPbSQ=","KeCpfkoqnrv+NEqZGkh+3y5Xa1gQ9Pq4uyW8IgKmPRI=","faZxXjFWCI0dNSZXGpSSioWLFJpTm0idh3hQixFuNQ8=","iClq318bIZ1MJiug0VF5gwOZDTLY/xy1cY5KiM8rW/I=","d+brspRCng1b0OdwG55q0eCUi8v31LaHQeYQE9ZT4lk=","jp6JBdsajJBH34Yy/iTJJVcXh5chuT/2EFIFMibBlf0=","rvSMNwhjDy82Opn+UXMc0ErBw3RpiQu9pKiOzyAhjj4=","niV0AZwtfh82DhPWtAVTBDvggzYlPLLuygh1lZfM/vY=","Aw5Z61GdBuuMWqGjYi2ap2KAzqv2PREbzrYTeONLWiA=","IkEf4JB0pXQU47SwQael1iK4V4ECU1Yr9wTpBgiN/ZY=","f53cjHC0ZISYw9S9OAg5AMjOqvSKpwQJEIpVIToLAZo=","GI6szRKERafO42YqL/mK6idgs4mPkyQ+Old6YL/WCto=","Brkal3VEbu40Y55b7wqBkYD0NcWtRIBbRDfpD5jjveY=","YjW7s5BkTezOoM45xgNYIJUxOf2I0ONAJEZrkEm/NMo=","h325/s47U7Y3Dcbvf3GWyFnCq0mdVeCerPw7xRXTWlg=","kxLd5DCwqUkr0EIxcTxZN1FW2oQ6UuFVfNPUVbi1CQA=","e7YqXRWyTNOD49VJTDDPgM7RXWfIBDj7PTevfqiPwOY=","qCQUQ0Wq0T+uz9rLU1Srl4ZWZOqWi99fB5vOTj2LbsA=","CPNhSVpHkPy2cedBOWG3OpUUA8h37RQCmWN6UsL/EOw=","4djmTrsIZv44i9jYyJ5FvN9DWRBfPeN2m7KgPKR6RM4=","5Lp2YnfvUF9CVkoEV41qT7r0UEjMXG+uXLcG0BfoEsw=","/45exeao+ljxurUlyJljGjKw4uc3K8Q9gpclPNvdlOs=","uGWQ/HKl924LgGho+TK0EM4QxJMlJ+Uy7qyqa9kX5r8=","9E1+zpowzhbhU68WqW/BStX3zLl0ediNgsHbbH98Lkg=","ooYdXjoPLv8EhHMpxeRckQ0eAB/6AIrRquN38iaILpM=","yTwskeCwAglIeBd7VGUli+pM5cV9nUpRP2z0+zKZzt8=","BrT0cin9ofLjyc3biwN7Of/QiSLh6B90vp0mNV9aoLo=","+8WeiHni64gvWtxUZN2bJDmBP7Xj3M386OAMowHVUK8=","PoD9inNL2zq8OWEdWWIqkwkrnZu1aC/uKDMVwI0SNoQ=","5DfoHacuaPu/FOCfsOsj9d3PEgp1vG2lzYJxOiPqltY=","UWB/XWIdKkbWM3oSDOmGcdA/sbyDc+YFL0p4KW4C/Jk=","nMAsLEyD6yAmQXZ8rQaLgx7eqPYaFgWErG9078o0gq4=","1A+mS/vhIqdRyMiT8cPnmMtmEjcRlYMOEITzWzXnf2Q=","14D3qqkiz03RVY5MsmJ4Z0JVyqvf/WDNd8BeuT4JZR0=","Om0N5Pl2EsVJ+x3ID+P5X8EJ28TOLt2eCQEWB0xrSuQ=","P0vD0u2+BNn1A153Li9tRieUeWKD6xjSr2vzIPh1E/M=","VeygMo1EQnD/l8yeuOEmJlBGAoSuEphWeqAqAszGwxw=","iVQnmb0JM+I/Y2BiXXT3b9bVXcdn9Z3FJAYeHjelxP0="],"block_size":4096,"path":"js/background.bundle.js"},{"block_hashes":["26c4I0O7LNY9KHEHMzc3MuvuGsgFhjjFaK1LzSjzeE8=","NTYQi7F+rb02/Ecg9Zkfngj+9QNpNFShYaLPvNHZTug=","rvZ2/sryK0Weq95zynBv67nkJsVyMkoItQu8jVQQoyA=","x0BF2h+tgSL0ZxQmMh4xp9b1GXscndqu6+l77IM4Jlw=","EBaiiJWbJG9PX5sHtaGRWiqlx2KZTYOAzOrxkvqSmaA=","7H3iSRXxVK/SjyarrchgBl52P+Mhwi24ClO3POB3xvY=","AH5fB0Toa2qIL8V9yxxck8XDstvHunn+OTesN2PBH0Y=","JuJKEo4d5is3bxCadNZzx51pfOyDU3qxb9PC/Rv+Wjk=","v6ScdjoDPIOKmXK2paftKmwHqyWTdF2uXfluHBndVUg=","iMkYDlCC5M23yscR9B0ctUlmOFQpnnrkdMplbqE6peE=","I97XrU9rp7NBCqMAce9gZncMYtvWfl+Kh5L3W/cElX0=","kxvTlpKwXMFoNI0iXwa15oJpKTz+XtoPXn0ve5+B3BQ=","+zWr3RaHkZLjuU+DPrOZIl4eLzDYZtse6/n7mYEttHk=","gNmxCnjIXbnImL5DR21FhdMjSTREw1ehwCTiZ/xOG54=","qNcjaSe24KYTGk4hfwV1cPdtK8gzbKB7rNZ/egnmANQ=","Q7m/RW9EZnDfXCUtRdIdU7dJBbNFt6mhU9Zqa8wkG0Y=","p0QMSu+uo9UNi7EaAuQA+yy/02ZtgFGa5tsgxbc99oA=","tYg5hL5sH44sF+pxdPAQzmijEzfroKSTznpS8d15zc0=","PvhLsyMcZ4P3G003YROaQ+6MmwjWWx51dTQ8nDRz6vA=","swtanBiQXJjRVjbcdpK1In4Mkr7U+T95nADhZPorzOA=","Kn0l0pG4JyDcxBnOThFwxg29MsOx+ZIspJ2CAd0MjdA=","S/x/eiahC+xDOurDDbWULiUS4SeKFrgFFS4R+4DCuMs=","Juvd/MEMl2MYen8twNv/JBpsRXXdXrYIaOil7084II4=","YLsW3+ELB2Rt/WAgiGGxtX1QpvJwi2gmUyJpmNyQWOk=","9LP21SePweQIGFXvYYEB0HbxdwBcn+WtgN7lpLPgLvY=","V1bzAUzlFzWIotaBR2Z/52jZW2U9pwSsS/injMZINwk=","Ik+ypVrqQQiIw2tBPipGSE7bHzRtvsXauw7ltxmcRmQ=","c2lcjl1zJ+DUchBQcjE+MDA6yz0ODt6EWzWVh4Ao8Ok=","pAjyOuzEgVolrcnZ5ulaFtX8oAulZyjAW4SRsIRVQqc=","+ewuc4jgFX0ZwCjWD8uUbj3PUEIbLbHmLPg+Y7fVgr8=","c5tvc64cIqXpe7cC2DcsBEfBuo6IZzHB5GldcxInJ0E=","+ULDNSOkwTPmh/1mSZWCJftVBHUSRfLh/roVnUUi/7w=","H9aeQIcYcaR7hmLJSsGi89amyyZ+Yc2zpoyT2HBOV/o=","ee+K05mCn+bQLe/0ainiHo5hODQc5oF4zVJr5P0GTK0=","OYEGO9xkxnn2vEu+KAQBGgNEEXdiHBJSDYEZDYjiwr4=","JJaEah7TGcKQw+dLfux+4kYISu+Y1fryzAsBUqD/Y24=","Du6+YAO70hcb8ZVqpWDAACrTXvPSieuLOGAqlTcUtXw=","D4aSBX5xNBFlvREiFIN7wb5iVe/kEBF72AjiL/z97d4=","nCCiYx3ozJlM8i8aD0s9WoVoI7U30o4I8BR7A8G7nHo=","889jw6V430P3Z1xSINZlhUHG9zhIIk0OM1RUfEMND04=","4UdKPcxrm7PalKvDAguYne7IW8q4kkBeRDvmVdT7++M=","TnoHPxWwyuogtUfrwgbOjIbRDum81/qIb+PTtV6S9cA=","DlDPgVMd7HYWfOrnV25OhykWYeuYDmt51LgtlxK75nE=","U9RBYLAhX9S+QujMEHTyoS5qR2HtmkWsBW5I5NT/SR0=","bScPYU92Xi71ahWYYNFJ5+ai0CDgmupKQ7TI3DtqnfM=","Zr1XYyc4xXvRxepAGguJP7PAg4H+lSgM3hz6E/JIULs=","eFiy2h0JZHB6O0EtHlUW9KIpItTMDpcjtXGj9XNXuYA=","n5doSld5hEhi/D2AY14e2n/GXMD8lNRyCveV/C7U4dg=","+Me3pAhfkZO1znLu94zRcm8lcCv9coVLCIMHwr+Ivuc=","2vCGHt8zRLL1S6QrBlyiV9eiwpLI9+p2xiI+i9sjVGg=","1Sl4VFoRSYQ1WthgnkT1ZkaKTy/1nZgp0RiN+wT07Yk=","NAKdqflYodGIWvErbzVS57Wk7B9t+TpUFtdAVbMk1dk=","dGz/80a0/K40hwz43Q1/pFrN2q+L6jYKVIQ23tWeaRM=","mQGrGvYRqfKZujqP0Nrkcr8CVfTYkv7He8gHg8enMPs=","d39ecXqm1N7XIvLffl98WB4z5vSV5uUQ/U7Tb5uRY0g=","bOJqUJofBIBjyQVcNTxVoBoh3rI0u+doJhqC2Pr0I1o=","kl0gBUe4x99tCI+hst8fwI9nofJO0SmsrfPTpQ8e5mo=","Mq/MhlrTtE6M1oUd/IAI8Gt2RTr0PFCuDktqBoLEgZQ=","Loj188gGtvcVa4/RNIwTF+VSUXbDNGoSCqlqwkZFbsY=","Fuc9JL9De/qumwKSHbcCUuWe5ftZeYbPu/Vn68gfupk=","K+fU+ldLYHGIJyg0f//X39OuhBn6yK2E+IvSRMoviO8=","iZIXcwBHEEc9qgsxw9+Lo4b5CifdRQNemwtIYpQ/y1Y=","BOPXLhAtHwsenlYlie/1hF4WHzobbTm0pK6IRwkfCAQ=","45FmZ+NRlE/gGw6v0PvzmEuHen5d4lP7pJkHl0hdeMk=","d6wckFLneUmHJ7fgXMayV1eeSEjvuiJq5LR+C3f5JBs=","IOH+upgPQAWLz60VrCSyPSWwT1UQ1z30Ei85OaLpvgk=","H5SF08UjYgqpF1NMs4N/MbhmgsUD/Kpx53qOadwnnvw=","tVq1G6YFAv+rZM67qUrMmaosi5SSuVikWF5/4caupJs=","eyMB+dJCDfn2OZ0V3oqFn/WtlKe29xbOkJ7K292/ONU=","Rex9HEV/ZXr4PFVsa6oCh8kpsJiGEM3b449aNn/2JRs=","mM0vU3QCsPf46/JcEj/BUSpQXpX1F1vQayQoSR35KwI=","UhoCalE2TZ5d3ZrNaSSWckYpR/pGF/YCck1ypQKWRiU=","ma6fZc+2MsG2+SfZUlDlCv0a5Z9jKnH22b8FEpALe3Y=","hDZm9xv8LnB0Y3EkhTJQ6Xnr8lBvJkXWTbWl5G+n2NA=","CyX63kHq97nXEef2sMDdkVS8ByFANx89YdNCkKodiPw=","x2/FDRTJeOLmyNxQM6WbJH9x1793O9c9wRIRvEFqXw0=","QRrhDYdHX22LULJ02iIEebMP5ExeeIEEUQAeRkAXamc=","EJETvisLtGrdPa2NVpqKvhJY3XAr85pLO9NFBbua5HY=","Cjxj+Lh2wlYtp2xhTmauY0dPWSETL+Nj9xCwa6OPgtk=","VnBt6RLmrxMU09x2xB2irseIJe2gUYCGnIokjSwxOqs=","7LuX+1sc32Cb1kb6vMuElCBlLymnmjdXxRyWzfSLLfw=","75LQLxhrgBedawsCTaAnWigBFrllaCX/dMAdXiOFxak=","ZF9Qvu/XjiqliroUZD9y5nJ6OhLvMciZ1SC9Ob9yl+E=","1gfUiJQYA9lCvfrITua2z3SgMLr0yTqhwiMjcbAPj5Y=","XKbpfJOuQx+6ZQinRiPtob53c7BJbm+vQ5xt8y1fYzY=","RsVTVLhkEDyUq9HZBfM8PDVtUrckR7g1A4eS7fWqweA=","08wK+Ax8Bhf6ZZXRfVBXL4mlJ4HYUCwbcAKP0Kbt3PY=","WjNtwpbIiPjH3OZQIyj6PVw2U8PlhI3CcrgEEUXCf+0=","cARf3maVWdM5Yz4eiwEWy28Sy/0ZLnhL29OGQC0DNwk=","Ply7P7Vpds5G/bJuhS08rq4Trc5PWUR+nhot12f9IhQ=","pZZlw48xZyXRC1R0v7WVzAJfLndTUBb4qjtnke1/WM4=","LSkh58o3Iiq9U4IasFokbNN0VDCeBQvG5OQoIKk6dtM=","BPW+NYAKY508h6XohN7e6aehFpTQsY+Zv1pAhUlt/v4=","8TcL47M7ImBTBq+XnMms+YdJAVmI4qENZ69jL9UUNIc=","aXJzp0YO/AMXGxT21PX4l9YaEzPOYCcHN8aMBfOR+X4=","urNwfUCpNRfZTd2KTb8rSUCYV0qip32RSlZktllvDac=","tHaoGtJyNERtfQe9Hsewg+MvmWXWR8D6OF1xEgpRnr0=","Nde1xzex1FlhbNNoH5yDG9LLodHzP/MrQIhgWmUJOo4=","Du8vpbw8hZjo1zqf/7TIlpYWk1YQw1lccm/QGXS2lj8=","L0Cabv1Qqgv2F+EXexRRvJZ4nwiJk4rIUEoM7aqWe8c=","qQzyAWcZkN+IMrJuBi9X66zkUiJcT0dBTqL0soE03ns=","wx5/qM1AWgLfeD+mnnyK9kwSPurJ/seWgLva7TW2iHM="],"block_size":4096,"path":"js/inject-calendar.bundle.js"},{"block_hashes":["I5gQbsQi4z1uLrhmGq8Q2Hom/b4aj+/QDU6k266lGDA="],"block_size":4096,"path":"js/inject-login.bundle.js"},{"block_hashes":["ugD1QDdonu74c1otjpKhXSOoIgU9vvSpf1h1q6j08iU=","IcwAHvfMXlxBOd+fV7gIyJVGZ1iCVQvfosqEZPZFGIs=","6PwUysIwfmVkjjRRTp/iAPial4lZGIBAlYYTFpiefIQ=","CPnr9VFsS2brPu0P/sXf8D+DozOOl4ehVVtxHXpT9u8=","+sKuWWtnmozVCD8QTXdNRkVLACx2HbQzcDhlfl36sqM=","1egYVIQumC6qOtXbBunxV+AuB2kPikyd0nigtRuILXE=","Zs47g2oJkFXaKtSdp5ZVHF2YBVcr36lkIygZ+S3VUdw="],"block_size":4096,"path":"js/inject-public.bundle.js"},{"block_hashes":["ajdvv0s3YBbxGFM1/QkxFDIuCdgor7QCo139KjohIr4="],"block_size":4096,"path":"js/inject-toby.bundle.js"},{"block_hashes":["jGslV1Cpx9TjIs1xenq3Htu0jWgQs55W23GKc59jA8E="],"block_size":4096,"path":"js/inject.bundle.js"},{"block_hashes":["MoOsUdDQ76FDzvlB4FG4U55M27GRIAhO6IpA8TpDiok=","Nmv3cBsENSM74Hw39zCSIBQqRWBAUJnpGlBX6rQCd5M=","bfv4xoGkUVpZyRTevxmOsiOVz5S48MOl0uxQmMRlMEY=","FFzn5p7EzHmI0EIZ1dGMgAGjI1bxecm8c23coEy8pyE=","xIiBZo0o0/SOR7xKfOyQnOcEuRXbwpXH4FEokV0Jd/U=","vcoWD5v8Y5d0iI7ZKM1kuyyPibl97kFfPbUJCNMosUo=","A7SlmAxxwBztLNGH4uUEaN7C+Fdyligw9q7xphxxniI=","dugVID84sOTsX+EPSUIeO+y8mmiREshqTw2W8L75KgU=","8mEhyUmnyXnxRqj1weV0Yc0hIkIHIz+6cYRa5Vn8AO0=","UOuovyaOOA4EDzCu9gVb1woAnI9MYINNL1QlXzavO6Y=","armuWAvnsilvRCM63/GBoBjOigPfDOqAVTjNl6y9ToQ=","pHl1RNWovVj6G1SK86+hE8SuMkdL3WwLnl5TEvSrhBE=","p+HzQN+E+P4RtalfcEtcP2/zj5UBjkz7hqPq5NJLHdc=","1ibnI3vGl7+ccS3AQJyy693WpNjDmGBBN5/2gFjxIYw=","WMOs38HTrkiyVW+2xby2OsWDfg70Bx+IkudFaJvsFTc=","u//qkp2al/zfCyuaAka03jRLsMdNvUc3g38dIVR4Vhs=","fXK1th9qpXtbNbohhrEPITAD+nWvcyIArfahMKHMOXA=","iUoVNysmTWbyfvbTiTTBHXbDf2hu7C3QG8P+Nc10Nac=","OG/j0Dbfyh613MQKWNj9LFH4nluUmvd/fVFDm4H1Nos=","EeajbJeNN/zzFN4ot0/s1CqDpllb/F3mT8QPCLdjFH4=","MAmaR+dQ/Xn7k2lWj+FSZCTnp6mzHz0L4MsOfBD9nxc=","6Pp3KeEPTLZwAwkEPTddo4J2/RJz7P3hgg4scTI9fII=","cexBq/6g50sl91mWoYZPDD6BHydOhcvvXm2Nq4hmVXA=","7AbzjJ8+BsH8u2eHDSzds7qWJFGiREnsh3s13/2CJCw=","BXh8zkn4PlJMdMRNaxXhebq/VFZty/ORVdiMEoA7xv4=","QfzJG1dsebMSg3pXliWlnH0BnLM+wZMXVefZue947+4=","imlWT12BEWEKzRddbuzl6ntz7tklsMSNO6CSQyRqabQ=","rEB6Z0DNOJHmo142hlA9cwnEuFewYvYLm8EFwNhx9PY=","i0nq1cjEs5IPXi3PAwMcRN1jPHvqdofMyC7VAu4nFP4=","MYCXiho01uBrC69IM75tbZfbDTIVLUyAGxf85m5zAyo=","2zewWW0OdFST0lOzprY4S1USpKZfsULgxp/gUaGez54=","FIKZMPmxgdEULsydYzuWR0QH9PxRuFWx/zOiJL6vT28=","bY+DMKuk2HCtA64sD6GcgjN+ymwZIbMGKRTp67RBo3c=","cjOIwy9p7O3Cbb35K/O7X8WevwRHKEhQIZGs2/lAqIY=","G2kq40SK3P9FuhIk3f17RgUpUG9AsCa6YlTJMYl8Szg=","UvGpoEE0qWwUEOMX4MGmMJe9K7e+jKm4kbvv5GFQo6o=","zgjVrMmrae2nw+5MYEbuUR+mgE6cbtKhm+rLc75A6HI=","+OZqJ1cV2CY1V/LxNyk0phiO5gaCNkTcv0vupymFnPs=","y0S/Gxqm+s7OgmnGCZGO7ol+gDwtuOiyNY1kTBO5h5c=","mmfEXO55W/V5BJKB+rZrgx4RvFYQfsuPe0en9UDi7Sg=","hl9NYmcLnpOOCgM25SIQ544wPTwHwJQgDPDM2BIJ5qI=","iQm+yVhtON3szy/zyUCObvV2TjGYsGFo6rewHbW/peo=","7N1/F3g9oM3KddYg/F1zdFCaOCwjYdrSZb5ekAZVmtI=","cXRZwSeskxAQhh4aHEnZZ55wpNxWt9574waMRebOtEg=","ZtF4M2D1dkq8Ug1SMgl7qPi/fO1OFgJLKeD4lEamPnU=","mhYhvZB0KJAma2s5apm/ifzcFJyz496MZ96AdDq4B1g=","UDTGxQUKVDNxgsifJOqaRJuh110UHEAGZyqeNMGXPHU=","D8QrW/RngOokKuW2LE9wxt87iWqWfNU1X2pQHZmbnig=","4fQsywnKWWm9oR7oaniNuyiWNBaIpmSFHfVPAWnRzhk=","zb7sfRIZi7vjpaKtLFMsn9kQFBLbjqPLzC1QtrriZoA=","D9stZc25+JwxnRQ2tdHTItO1PkA+6JC+3I60fSbW8tc=","MIqcE+vfFoxeKXBNOitH5hcCCr8/I5oigwoCpXadImY=","QU8qYelMf6plVz7g0gYntQTCeLViMj27z6P6feIASVc=","0FzLeeN989edKgY9k3FB5k5CGlEqilSkUMPMEtK8qCs=","o2slhhmtEwoG+I4poXUxgFCLeUDtnbKkcQCbKmQOlNs=","27hCRMMUNGoDdf0Ii5gb4vIgYAtX2A4FwCWW7zAIkwI=","TckLsjtQ6vCzaFc8YjWWcxD3I/SQxaRfUzlLZY3k5Gc=","L9vEvggxrLsPjDBtkFFML3LQsFYklGJzqyJuTS7jp4M=","c0EqIYzQhKxYYyO4dmosym/mFrLNXuEkNuU0ohonxJo=","UID4ywD6AoA2YabAd0HfMv96eRCJuGw7N6BdQf8tbBE=","AOxbONm2xuwzluizhBDqQNueZ7JGczggjTfLQrhHyLI=","vHdLs0MPF15fOgAoZPwRsVLMuBFSUESjjsHTNWlC+FY=","/vRlFzldKcRRAk8VkpuN5f6D4l5MDfiYgMAKPINSje0=","LMHPMyRGHvgN+lSJ0MpGYxd7VXsck3UFUSWBiuLu6nY=","ilUG/dcyC5emGHEi3oa/8HUOERb2xcChBuT/E53ex8g=","5IwkrqOls0p5ARScJyPS/motE2ATy4LudL4kY2/OWjU=","wxfU6lZbrCsPeKmYFweT1l/acuvVe7rXU7+8EzlgnkQ=","fyUDnsd1SiOyPk4Y4nSq0BfSxo05Y1WkF+i59QI7aFU=","+2jjC3hZoA64Yu2FBvOYFafKnhH6gLC4/KZehknqtVQ=","3+AWxGC4Kss+Lx+cgj1CtlH2OwtciK8NIKifsfOcGcg=","7g8vWvlNgWyG8BakDPQgr/xdIzVUE1vRJ0VTEo1V11A=","VToiMz1YUJb+/SQnBuilRaBSW7U4xkVtP5XR5/fTcOc=","Xi7IWbTNiVJWXDnGsFNVl3RsPx1InuRC2tYENBhIGQg=","r3DNbTWt6DhGc2x25mq9JIiksOiB1jKXomLgObvMIuQ=","hxJ7WZFRT9t/HMubyVCiHCkUsT4qWFxIP0siTZ9fw38=","eL2cpUEr4Te5IVjpnyK1PG5PiY0UfMsMgoQbM1pc6lo=","JIrt1Tgk1SkuXJT9a6fq+vijOxn4WhxAClH4R66RDIU=","wKx07MRUTUBj2i2rK+koLLV+dqodYnZLhAheQTeWAx4=","AMiIUqVrP6YWFDkn56BvR9aXZikQFdanN0z8h4WEim0=","bbKHMC9VpeZiQGkeEWzCJlrvCzDK6dkCkN3jBTm2Hvk=","h2ag3e/PqBdnHEDZMKt34FOCiNVI7P9N3VdAX/mhS6U=","+RfSgHuMGaxVDScq9WavUnUSrioh3vTBJ0tQxWD/MvI=","c3AbTepBqZIBqcOTuiajhKusN7cXgL7xBTUFaaly7Bs=","kiHbsl0Q9wRGBUmck6Tv8FR+UtHOubd7SqLha6TeztY=","veFvF3ijsvZoIr9k1RPy8KwAkNiUpgsRW+mjA+xNGn8=","CVT1EUz86Iu9wHMFCxQRHYoAid7DweNzAlUZfSy1sjs=","KqugipSARh+qEuslndYBtL+PYfhh/wmyPieIvUMI31Q=","jQAKVZNoJwQaf+YLx7O36G33yEF0JvBO0zZbvxtJqxU=","jsn9coyW/fftgc0SEwndtPgyCEcQjZ7+8gisU70ljeo=","GpxI/sp0ifBXbi1V7TCJHG3LG9DEHq7/25pol4eHmRo=","pLSY34XZTR/m/0CFSY+/ZOZ37akC/inChjLJjPcu/4I=","KOq1t5SUewBZJbVydE3xPEscywJFhu+Mt9lcLB66dzo=","RbhpqSNBs7h4nLQRpPXwMc20efiiSDNzvogcfnDjmAs=","b2cJFpDHXC00zAhJgfIQVaAxGCVo4W1azWGof01yv3s=","pa7pOBYypln7+oBBePPuGYA5FLwu7EJ5/F8IEC9YhIg=","Q1GT2b5vF9LFJ0djMveprJgr3NB6x73HgHfc0DtWcNE=","jBQieFdvLkI7CZl+6bxoBn7l9+S7qNxFw4dSTMONBGY=","vLCcvELGkBXPaAZ2nt0hEKgARBEGUCk0590cl7Wu/HQ=","9SPGrihK8F5WNf+Cug1BURdEFAf/i0bKrBNNV7aGF3o=","GgGP5JtHIUtQmbVV7xfYrkjCbX8FhJsM4J/Qx+ROV78=","1zYuofY0jvglnaLYzS9QZrNWXq88AuFFdklD/c3erdk=","Vu5AlxJ+UCZxx0uh7e2aSJSychzKCBu/5vDeAK2QKZQ=","B2Pr2rrHKJakx2bpYxSpzFYBmviFzrEWx50W3diB60Q=","ZzkhBbs14ahISTYAbmhBGnSEsKOQ4I2wTewYq6t2ETk=","ZLb9E2a0OSYo3nFALkwiNCiAEY7FXCyqG8U9D5EcfYs=","t5dh6rpz9OIFSJUcQJtKAoVJYb10lyQm8zqIOShp9UI="],"block_size":4096,"path":"js/note.bundle.js"},{"block_hashes":["dep2c21kSU5oWlH/7iqKqk4VKpACGfAtDkkvk/3jeNE=","ji6xhXlAAC+VLx/324TrRhNJDNM5X05q8Xt9A0d2IWg=","8tXuMe0GE4hDDuhc9mRkrYgKTFqy0Uefclstdtp9UpI=","fO0A0b+5HMdrI5dNdZnjCRR93Uk+m7OZK0BDV5qISRk=","zwyeZJEAX3fAtp3+2U3yISEX/5rwkiVc0hHbruYTE5k=","PqUcyQ7Gnkaz+zdp5iEHkc9I8dIarCxTws8h1Xt8+XA=","6My5mt71I2ch4UsEE+qgxPBedwPhyQ6pZHpoSeNSiyU=","ZwuWep9D2oXVd7wny1oc6pEb07Vl1TiNS7mpV0UpEKc=","UFVHIyl70nJS0wtTwAOiLGPpgIGS461wavqYS2SyPaY=","onXiIYNTkyGXnvCAxV+v1ExbDmssNaXp5nzuUXz3duI=","lcSlaMzNC+mIMzjT4HsNzoUQ106agjwukEtQnddC5GQ=","by8RnYtckow7+DqQItwh5qPFaV2ywkLkuYYrct+SPms=","rwlxiGHw93icFVbKxLsTR/weI+WavjWV5uxQrhkghs0=","i2fiDSCUKxIMvSjvD32GKZ+RlhMtCUdKKqeU7GdJJzI=","63+MsDOxjh9BCe9uEsqTvBJMWoAVDjiYASbzBVAU6eY=","9DqZL68D/8ozXXuxllVAadcpvAimqVoP2TqdWOo3SCY=","/TiByP3uZBiUC/oKvIhCAJ5SZAGccuxPLOEarxbg+uc=","ENkVLBz71fP+hflElbaWTsptQHtyBNwS5lerWlIIcZc=","QRgqm0Wk6qlHKnnnhvCd6MmwzIuC9KQ/uJL5etjz8Rk=","/gkjFjSL3MWDzaUr+gRlakweDySXNkz7rrQKjOhBFS4=","fGtQOYkTx5H7rQ1Hf26lqsGH10idvnEbOI5UU8p1/9w=","0MAp/W4+p6bjcLrPVJZwGOf01KWi8zf+Tt1Bn7P+iNU=","YtmK9s6hKBeEkEEDd0yTeJCoRc1D1YV6dp4xFFdip/4=","yEk2Jr/Q2nyti/uyk7dZUIAXzkR23odmcl2PjxMIV6E=","JbCcEjah+yJYbC/g1GXSnr0pJFZrg46/bhpglVOrLU8=","tLcOBUTMYD1gt9lQn6DDGLehabKBSDOVkI6nfHIrHo4=","rYmHgBbno91/MRaPnTTXK4vF/MOBdmijDu9ANBmKVro=","BGzwU6LjgoympG3Hk2gNQRrEyZjkFjoxPSFeoh5gWls=","PEPezU3IMPMFFahQXH3qGlxBDt5EKi+bh21qS4+qIQU=","fum8jslxtv3QRi/Hf/rWfx5ulYf+bo3ixPoJy2xVzgM=","AY0jJNQYaQH1WoeEUjrlSqqyTx1Hs0j8S+lz/Z4iMjs=","u2/Byz4FTiFC14hHyJlcdB7FUQ2V85ymHGngIwbvgxM=","3wy1RwkXc2r4GXG7nJllazMTM2b9h+lKGxht6eC35sA=","r3lmleb+qJhN7goS/pGSVV1o6KsGe4pjydG8tBX3rDs=","yabs4630FBMJ9I0QnLhkk/icx/5d2bUpza5vnmz8iZA=","X1whIBJyJir8E3U/pjpD2OAXs0OHB0sqFy3CZjNi6AU=","gUQ1eae1uF5rqNdsjjEtD/ucIwopI3EkXOBoHJ98KiM=","Yh4zzq41wUbFxuHrG+cTzm1Fb9JY4PgVbwXnUXue7bk=","YJi430rft6cNqlPrDoHNsnQrmqgII2HnqX4n6epivGw=","R/8yFKWVr3mPqnYGd+r+LUJU8dIcoNVV9sZZzXZ1/gk=","X5CnJxR5BZSr/kiILe1l8Qy1zNYWRotO1gvHMQoODKo=","57afQTSLixMyI+Imqb8XVDsySlMwFY0OXO8UjArjN0I=","5aA8d9fk50DnR7pz9EzMT7P4l9iQmd3tiP2zM8xiNZ8=","/SZeN54yqTGg/A3GOb0wFlb2TIfYmhEpUnrRdX+xhS8=","FRjNA/QxZyZH07Yzwh81/eSZ3CefeLXRTPZV52mYk/s=","vnSTDM7Gc3m+5PDUGw/7A6wV1XWrqou74S+2kuwUSkE=","Qb1vBnWGMBfGHJvql5ReNlVyFequ8RzU8urHVZjabrg=","tHWfDXewCgUShS6olOquoxCZpV3ttGQ3GCWL5NkHOfk=","EF+iItnCyrxANSJ4vOx75H1muxtLR3MsH0bu+YiN2tc=","J8wl8KdkSbo+10qsO7+ko9GUkqHbMVqwVKFHjSSz058=","amXtA7dCGhUfJkiZ6E8ydGJXuNxA7MeDG4ikiIEAMcA=","2pOcz+buFrHWKZhqL8cREPcGyLuDUPG2uHY5jf4sZTQ=","+RUtTp9gbiFIH2N8phmXB3Dr9IYpjoGx8XaHrf5dNHE=","oklXg1z8Wnze3G5yzJtuqYOiiP/iMznU6uwgkIfYJM0=","cnY7pejrKCbpxG1SSOZ+YcOB1gaq1fKUmooyMUjcRLI=","VfK1EEtl9PxpxChBtCsCG6k6pzrbUSn17X/CA4w2v1s=","uAgCVF4mNQHE8hvLvmGsutkWwXzDYZOn5hzG0trMeto=","Ug9EL1ZTCMeNa6l0mm31cWdjf99YLH4O7tOFjYfjigk=","KCRLMkpujFUCB0R3p1xeki1n4+GSE4JKVSpGz2JBQ7E=","LlXAy2z/L+Z5MwAY3npTxX93GebC8k/Gv5qEq2Disf4=","QzlnJcY19uhK04NhRGOtveLLPS/G5iV6Lri30JJiM8A=","M31sF2K60iTM6aGB+V3hnVopCsD2dhefacqB0I1k6EI=","Y2dcILkupfanjmRv08hfygObKSw1MXnfUy/BIx/TIGc=","CNDVJ0mYqf91CpYSLjJgSraLzvn1LWqG0MpfI6mp3Zs=","TwXoApxrobeIc5nY7raXNV7WUjNpzPGMaKc0SqfyitA=","TWi/PVco2xQX0YHjak9fTw+XEXrNKYl7TmKrBCvA3TE=","EbLRLQSQZFbBi/FBmqxN1lErcWlZwBcS2uutXh1lf+4=","REBiYDpJRzEl8KT2gm3Ka8ncK/QO1yMp7NJZGwBvEwY=","+pE9i+8CDAqblDKMYslVfWuT5e3aTS6y1y4gbazbi98=","T9sGyk6q3bsEzwWcmimGM+aSJFn2QbNgDyMNO1PJNQI=","VY+MXuN4fHUbbchhrA/wFHr8QJ1rMorVS1cL7VyR0Eg=","+qTo2O9mqTh6OXp1Lcbb0oUS4YtRQxZjU+ki57bTLlk=","F71SG6Bh/MgEaD0nWhPYs/ilzYMJ6T9c0KFolOfMtmo=","RCVAJkUiMtF+jGrctvNn2pxQQAcMAqs/OvkL3tDJuzs=","9OQBRbCluipLBYC/XVNSMb7WNHqHZMxIyG76TOupDjs=","5CZVit8g6ZIxobpp4J25i+0i4DVI/1vmi+Un9i8h49Y=","k9UTqIpZiLCo8rWmSHYb97E3FZUDz/ZyRKVNxj8mNkQ=","+QEdmjCS/qeuYrIN4hV2WlM5Ruacm25XeRt+RWlVWwQ=","6KOMogNcodItMbrW9sQa16zS7n6aP9tvH0tGxvZTh2Q=","+Geg0NDF599vJRwVQowtRUNIm2BStmk8f5GVHVA8d0Y=","/utzCEgLBJLX3hOsGltRqwWiPA4R4OkR45pME9p6Qfw=","KZGr7dWL/JDQgGgTnSQexPlLVs+Iqx4w1c39LhLzIBY=","H2nqrvrZ0mwInP/Bj/V5AkE2BBTknr5qlrIlBxL1rdg=","HoxWU6eyheM/Wk96sZ2JPsPBKLBAgEu0ssjgYtA+NJw=","AOxryq7iC9ZN6SDRK8Dmmrx480+5UymJ1WuJEf5SLfM=","u0yTvP1Ml/xRryvQcv7qM0gbcHVEha8blYHVE+CL5Jg=","VBCngOX6Y6ofprG4/nvBFTOx623X2sH87ms/3PLHBZU=","7ZXb6EyUtHwMSpWrfgL51/0EBUvYC/Sc+kGdiszxh80=","3l3gl02wx/cLhG405mtKvqor6llrdCLHrEChjNdP7rU=","0hopwTKlowvK673sXJDYGFlnzMS9GZKdydhCj1TrYZk=","N3H8VYUVTVJF9Vkd9nsM2dr6ZnmXzfFKiQJ4XojrYrg=","Hhj48KeNUIL41bI6S0S5MSCDsSw4XVqTcKllvkZuDxw=","i1nNtP2P95uGDggyjjVJRhxYk+qqvOp3DgbxQmd1Jn4=","aMCd8R3lbsEW9P+4YKC/nQBFU2iK7GqG/iTjFRq4VKY=","mvzknSyEfkRHAaIsh7SaN1m8knQn98KTckOeLOSMq6k=","+ULuUnHq0MATSYx+MLWc/DveXy5GM67TNbwWRU8GWcI=","yc4yxujrhbGJAfxyo76YBMJwjCi89N1+4R1Q6Mgtf2I=","+V1bJcX7z6svrB+J6C5k2kwZ9lLHPV5LPyYHbKG0nKk=","pTUdMHyVSWtgC0oQDQBxUdRjXhEAGR317S1FPLkuTGQ=","Zvu0KPgH+qEy21ZF/qB2R+RFRg5gOsbTSBrfVmjzWzc=","yASvz9GGPgsxuvujVAjHqdSMEBSBBhaMZORpRW5wvsY=","JunwVT4UO4j+PGZ0bqvMhqpQg/LR9c2S0R7PffYrHrE=","JbZUEgZsprd575jfAOOVxYXR6lTZ1Lk0i1np9j/uXRg=","8D8Gjw7GAtofpSZ4FVid+FpLctu6ZHNlV2kwfibBNn8=","DMhHoNL8pUpBaN53Kc4Fir0sRbPAWOJ5jZof5zaEe+c=","0Lizi9MxTe+ZABnQiXppE28lB4yujKY8ZmThKuTFy98=","S6DiYqu4zVSNg+8Ds6nzgVs6pP2MPtlVayTW377hWB8=","6ZS0z4VTZHHRr8R9seu2JmHcM3ZVNrk/8FR4hQuMfX0=","XUVhCbx8R3X69vwKqQJMTlFqEZQHSfz5VIji1NswbZg=","VHw1iP4sn8SzJ03X0cEbx3p8ZyZ30kiaPIaSDiCrtqc=","tVoFPIQFJiGqeF3GHjwX919EfKNqQeFBBg2CWowBR8s=","2ojs3Vm3fddVKmFqfhvH2MCuevBm9kUExo5qViKYil0=","PjYSvxrW4dta2t9TCrWQg3BmPBXcyjJesgdNHR2mFgs=","DM+4cWMU/fsapPiYFbKhQ3pboyNNTBju++x6HGqboAk=","euRWZFumsN31V8ANJviY/KEZ/KTK9xlButRuIZluOUA=","1DMOMSXqBcbjIldQvooDxBhHLaOGnxiU+uM6fGK8GhE=","fZnTx+JJX5lXG7kOJsezzdQFjIT9Iqx8txyokZsNPm8=","cL40kmk7ldHrDbqDddJeewioq4PzxhmlP8cgs1P52Xw=","ICcvK++y7hocdZDvlAfAcdkf1308DuB17gOZuFE3850=","9nrVWB3XgZvxs230OQ6e5lBT1PYralMn5gOUDwf0xsM=","ozjXq+hv95c9RedKDYIArCB7NyCsg8zl8J6MAzVI2hs=","n9QI557/u9Ti2HzzCjPcAHoEn27tDV0H1NT31XvfzYs=","DjzbVNAXaAgQ4ZcxVRZh6Kbp0oF8mD6WzCkgZ3m/RaA=","c/rJqF3aOfamNsdocFp9l/TOmw+gYfMF3h5Dh0woQvU=","9+34hAzuvHigai9PMBVkYZqIkT/hu+07syeyW/3dYS8=","nblWB2GQVp9hWl7Gbso1kyF/X+jatdN0e32nBHU4wqI=","8ob53g360NAGVtG1BpDfG5bzaQ92Mo+ZFJ/yPlWPd9Y=","UxVXecpV+DWUVv3dNPfACJwcPPwGEI6bzZiAwAl3g6g=","fCvZW5jXftwQ3CX4sMR2FnXa7r6nHjnDLXoVlpxKbdU=","ZUS3J6/vQQnDKmU1xsuDor1pS50B4PMLLxMsdf8tMaI=","GmD386wCLY1gkGkVPGZp4utR9UmPPD+zTa7ldATenI0=","cZPAxpCjK268KJ3kYo2yU/GsNVeNaw3gJKYeMC482cw=","IMkNzORUYOpZJ5waMEUTWRCcFuJxQDpT7Gmc8vzzPls=","OWe8TQkiqixZ31kyMeZAroi3eeDBMIiDf/71lA+0URI=","y6q4EdwdviPjKqlju48TlHKmONevK7PpwWPRTz9ZJi8=","4T/3P4FgavyUtTcTBWa730N/1oIjFgZ7cJDSwrXHoec=","Bc8XzBq9WjzIjQbCFIhS1boff4b1t1HYoJtiX5MOTzI=","AGu8LpejmmeM9Mf9K5XQ5CLkO+E8DsKPqozV5G6IfzQ="],"block_size":4096,"path":"js/popup.bundle.js"},{"block_hashes":["vfpkiVL256t65fW/CVEQT1HnKz4/EFtpDAoTLtObcKM=","+7voRnQkfMrYuYq7mSi8joG0F+EjBS4uZ+/jPcwKf5k=","mgHux5BBcNg9yWkw7Gwqpz/TLo6/Fq3z6KwLKBseJmU=","Tmn9Kge3McYJKIjy4/VznYDEwtuIzdEKsPYddAXz/Mo=","nYMw6dxMwjZshcJH3cGPk6LC0xQfZe2aOrshYvODGLk=","BZvDDbj6Mh3isqbaRHlHuzDr3eg4bZIOvSiGYjsOg2s=","65Ut1hKL7NncIYZBqLvv35ZmjAxoqwPmrC5D0tTEvJ0=","Z0OHIAqib01iKs7AuXsGYMDOxuXuvO39CezwPxG79vc=","2elf2hm2TftvXmBbo3Uf+jhgtJdWsF/CIvYOagMhw9Y=","uf0BrUhyhmTSBFnVQM0WTQ3F67pCXeJ7P/1nfCYi8xU=","chM14BHSWbmThJe01UTPq9vrVaQLhMkhnEFzKynnWIg=","Nf5OZ4GBDLtP3IMX+IdiP6V761q2Lg35zDqAUrBxRXc=","SYKu/tOWwE6zgiCi9tvPJ+rBQxCN+FLwourkfEtX/DU=","4OgM8p6IFF3OfpcjWR4sdWtwDcSun9PuvjR70smvVIY=","dy22T4ptsvFYVHNbfa+19Pi8vbyqBCsOURRwLc16O/A=","do9w2N3qdwyOuVnuCxlAlYgbCaVuxh2ImCsfceROB4M=","TK2IdQAY4KGsl0tBC6ZIK7aXSEHvo/UnR8/VrC4Us2U=","Wf0Xihuyf15b0MoFV/S+zpkBdHrTSiIZUOmNp8N7/34=","SqAtBlZhAVd5VdKBXNuaaq2TfIjRSWTMUeKJath2eIw=","FSb5Qyba791mTxSUd2KagrT6gXWnpcOyFO59fhkN7Q8=","qqMhnUJjbgRb56igUpH3Vg4CkHlGOrWhCVCNEBj1/2c=","eLE74uPsBXHMZoWxMytcBfoWh6M6C54cOpsZrYktoyY=","+cuN3UhXbuUvK1HrWTUKG4BvwEhnGlZkcBdwtbJ08u4=","1IVh6AfmFbgNTDX6a8MZ9tpaczp5NDawrlvrAjeOX7M=","U8rDLcGcp+CJBP/bVR9IyywuDZodB7aeF5xaq+a+adQ=","u7EMjBpNUkJUduhGYbeJePbAz639q3II1tHhMV0xIGo=","qGm++3D3Js2a4SB9UsOh3TuUwTRFmO3IvxIxN3ZkfGU=","RHB8GTNlMUQmyaHJZ2OoPzj0iJrTtxOEceaKmFxRoF4=","05k6LMNwMRNCp45qOHSH5sSUbfaDyK9s/UBiRuostI0=","l2K3ZR4VByH48WS2jlNyIGC8WVq5uGWEL3+RWmEygBw=","uUD3bp8x79mkAl+YPAoj3OpL6kbCKby5PFQhj4eEPPc=","yRD2cZ3kXI5U95ti2rc2i1PDu6szy2ZlyMwIPURe8mQ=","n7x9Q+XHpHT0wRrTo37RPaqVTUVCGi44jCJIX46Wz6s=","zWl3CC22cKTPybU1LWRdqbxhsQElkcUXNhcPxTRtMs8=","GQVqbTQdS+uQ9p0Sp7iM7f5+G4vg7RBZMK08YornOec=","u3oRs4JugNEj3HbVoNgVK3Zq2xaom6vBvru82IZ3lTk=","4uqmnY8pNvA3Y0kNxvCls4hUFqnlp9V5UPM7WI8I6QA=","MiEXdJL4yWQ6YN9/5IsEsv7ChAeoDM5BZKzQgJOev5M=","arzPzeZ/gv6hed2pTvDSZhJx/ZvDz5Dm4JP6fcHjFLg=","Nh6Gd6L7Cxi4Gf8o26RlaZgPE9bIcmyWscTOTOb7Tq8=","qX1Tp26ANnOsWagMxWyUrYQarLd9StbJKMA87AOW6X4=","M/FbNWbUCL9DjX6zvmaygdocPe4xu0mqvhrMou810Vw=","feQWZPUt2Q49V9z+MPJ56GcgcFDLXqe7kXYwxP6O2kc=","LGO++LJCBUEwOq6Zuce4xBBmaXHySbB4qi6mVa/5y1I=","QmyhZoHHc8zEHMtXODSt90f5q+g+bpVh0FbK++GL5To=","j1jteqE97xXBuQDdP13i2emOneRaZCoTnysuDsDuBd4=","5lpFRnA7couRBlWfhW2NFovn/tsxdgIovXU3Njk45Bk=","QMDwPu/HR/+WCsvXa8LPb1KW+iOi6MwOwNstF5/xAME=","9RaJ+xgP2BmvtygCPSkhnugyb5Khh5DLs2FC5PS1+m8=","8gqo1l6lWVOhF0g4qZPAItzpI85bBgtVVAHRxpq7Kv0=","GTLOOTvP6MwvoX0DYmslBdGxnuERmxQjVN74K5jLKuU=","2Gc5EafkhD+I1gNMEPP3KiWPeHHy1M0vWTaD0vJAEdg=","pmKQSwbPyQRWn5Dt2Mbrl2xZNP2KmBcn9SoED9MYVi0=","gw3ATbo3PyK3KnrMUDK4jY9/2lEmrB1qdJxwcidLv9g=","y7YFWgvPdckQdAuwL2UUhUAtyexFx8nQhlt5EI+gF8Y=","xoZRNrD3gWU+flbiouoXVTqwyMEkXJ1TQZ240WsWiag=","WYv7m7Oi+OaVGUC0hyRHEs3rJZhFTbwKusZ9QZIwPkg=","xXs2Dw9YEVQ9KINW5eww1UBplSvpfOceBlfUw01O2As=","EqW4o7PKmTsNwfbwS48DKEJtNbmLBb56zBWiyV8G4WE=","ZwaDVXhfXEAtoELUJi0GTbFXZSnsLD85b/ahUe8IQ80=","VlbVxTmjvBVnSNDKI4unljHArO1W4aYPWq2nwDPETuY=","Bpu7freEzJflT9jlG46lxyv/u+nKM+sSMxpBI0mEgkY=","ig3mHpovKSbGjD6yorCF7ocdZJfQn2yPyIN5H+ny8bw=","ZtGUc3o+9rDqq9YhLZQNJZgO09NdfwhsqxkeCXgc1jI=","1tbQekviABzWbv4SlNJ3BlAL6RK9+wiSNaX9/RcgJWc=","4PnPNoFX770AUmyjQGFj+Udrim2VQv3IXb8gr1UfUYE=","lIckGmal1jBxyT0COtOiMkG5xMkzDCYnW9S8t5Amd6w=","olnzVtHXe4dfZQ4CNUxEeEGmXo12f5Ys7jGYusWO4L0=","G7Smd/WMQQlboWVWyWKtN9QaD2c5c3PhXCQq09T0mUI=","HJtEN3nk6HnszT5786w/Ia2Urob+ge5r1GQM5rY/8/s=","qEUGMAKlg5NdESvmTL8cqco6Wr72PKKZ4us1t9UTp5A=","TH2ObbQDKDYzuI3aUQuzKRCB8McvnSHRE0EYUST5VSc=","u/OA7yq2fI0xzcwoeHxUNylJqbTk45t84t0T//icviQ=","IdyZ8Ugtt9LZDiKHEH/X5TANtsGzLn0lkEUZ0SAuE2c=","Oh/1jRT4aJixZPRYWfR6orZY8o41tvHwcNAKVmm5dr8=","cCRS7Bs9ylej2UXgzKXrdevS2KUK7/vAVIPJwmSBCg8=","AcPYq4M44o51vfDwpLtbMTeVDfPx2kyra00GPKhxB2s=","xWgBcAHc80/en8XqIm7pyIMNlc4lruAMmDIeQHIymp8=","63WtFbetT9uBl6GlqH8dB1VEuev37E+w4C+qNGquL+A=","aXUh6sNkVLYCuIWmYWoVd/HdtzRqEx29aNYBJgY6u3o=","VL3Rc0HlPJ/YVZ25CoVQthOsOw2A7Jy/GJplYxfbvfY=","uoU2gU4rWu+9bYYpWMannXF0gDamiM+wV/kyHJjSVtQ=","7v+E1dLoNzuncZWdxHbwy0khD0oE/cs2IYeXhn2sOsY=","1lOyNEgwZgD+nFfj13pmx+WmE1k734TyUxlweemXO/I=","UWgfLuHtXNWsrzWo8plyt2ijWDJpTsXlgI+0hxAuxN4=","F3rFj0lOPDgU/ataQKr0qHdbC+4+gEwRhGd3o64BkC8=","l0gZBlLQRfLjWxGrcRCDRNj2wtfzMKzYNF9DziuAIjg=","XHbInwTh6NpOpObgdzF0jNFfJPR6JB/wqdRgAsujABA=","+PnPhqjXf3Uh8l3TeiNsFUF76npP6oNdNMT6+qHqbYQ=","jlJTd3a/L8L1CrTP9u5LV46xnY/ll/OK8vpyvtUPCa4=","bqIo8YhM775K3hF+RQ0NVLlTMg4Vfl/PZS74sOP8fHw=","mF1pOeY8UIT4Bepatvw/EyZ4Ds/UH6O/sSv6EHmIM3A=","n6rivJzuMrIatlHyTpheStv2O5Z5fCGjq2axuiPGo10=","TDxqau5hU7IgL9n47Szo/rjgEXsAt7WIfKhzy2zg/i4=","2QPol+kBYWLeJ0YczFc0xphJwhj+s8QCsxYzPgg7iRU=","JkC52jqX/PbsV0mi80IdQSuKqXyQsIKBwfI6fQALuVE=","rIhur/u0S8TCA7xiVjxTYnGIkHI4HH4RLRGbwXvfwl8=","1b/2JhkyXS9SZU5MNFnvsxBxYlOurZNq2/wYVDQuuX8=","KM09tXh/JWltKcNpSlEMjJuvIiv4yhbtpaoHIHWcbbI=","sUBoIN4/JB4CHAlG/c0V5sB4823s738xUxz6VnBHDDI=","Gbk1GvQ1VOE27zRpKVw9G4hvLCXwkUWxTYxa4Ol23FQ=","nlDyQMimk3tffmUC84yHo/JHnw51D/axakp1Xy1XYgI=","+bib6AhLwyeoqdy00p2iFs/vpbi9v3WHFtAeBU3isGw=","BqZG9JeiNQbTaDCnyYwRjVL3Cp+GU5NdINVXNRYUC+w=","DwJbyWoC6HsPgPPL/w6Sesue0XmxoSDtxJg5/JlmEBY=","/ItMIg5ASdhRDe9z6DHePbYxMhDjSM5pWRve+6+DNzw=","rCGWzR7LW5KjwR+S3HfstZuO28PLWyhrDVgUWRy7A0w=","CRwX0sPEZGCxl2fbXfV2AGkiFC2J7wvEObRybUihlZQ=","uAA/CZZiy7bs1Lnj+kzkLE1+iN7URE0MbEFkEOVctuk=","uU7ulKFwy4KXtfc9HcP+zny/UMMRogG9ENVxIH30nEs=","vVNIP6YizZnwgYzuXAtQXQsGaN/TdLjC8Xk92E9Zsv4=","XnGg5peyTvJwiX7CuGYURLsvui0JN7TJEhtHyFiChy4=","cMUpjTOCzzN1TRpHyGNRXx9qn+fKW1vOXhYfaw30ccI=","VE0jso/EmZto2FJ+ltwkdvjNWRLxbLGy/qxgvfIWzys=","WL6+tmJuSb1I1t7i89hA/jPVUENvASA0ma2Jbl8LwM8=","rEhGohRs2S7EfHw6EG0b2q+WJnVjQstKAa/yshDqVq0=","BxoAn1lohvYIMiK/0mZIS7K1ebVeDSBv0Tjlo2PRTqg=","indoOulQWThXWZo4nFMstGDbLu2j6k/dSKgbRI2D69A=","JpZctjVEDOKKV5+ESG2Ik8BqlGpM+8FzfWxOWhYe/ho=","0Qdh5JuSy221rZHclHA83H9MSsCkMq8FPWq1lv4205E=","3wLvZsqtAuaize4n9ymFDGFg5B+PAgKHcd0UUXEjLFw=","6Pj5xfXkwH5uZeLR9++uzDk1EPQrZb9jOfx/461LNf0=","vkWsfv+3Aq3ZnC+dOrIgE8P3wLmSX2F5vDCQbVqTFBo=","Y5gDcIw5AB8ZhcwDbHfiZZ729rKh7GarYUMEzUDQZhQ=","plvWq+/uOoLOSod4xOR4/1UXyMR+MosvtfXh/n8ZUBc=","bOzZmLYjwagx5AOcB0v251YQxxiHLDLjV7a+KKPM8B8=","wMNsC8blA4TmEU4qhFvc5+y+TDuwTA+8QGpmCFQR1u4=","9ojCHxJHcyA7Iw6SyM65HHRH4XPTRkfTNWSHFSAacO8=","8GqawcwmB7Pa9N4C0pIMSEUUAPz6pdvL1HqpFed67FM=","fj+xNrSF7SFpH9nxAIJVrH5yY1XXj6lsY0jbZHT9GYU=","yRAEVNxqxN1pK7ejtnEda5K+BEbfheYY59WIpzqw7hA=","XCeu51oS1pe4fda7ymCiZrrEAdfReiD40MA+3FDpExE=","BGw1Tbo7jSGVgKGk5bGEfxRFEKhX8mt37cbKFp7jRK0=","e/t0T3UrVGFOzGb3DMyT3ByJ+WBWvJRYA4TIbT4mgnw=","K/4l8rxrrYbBh8brwuRCi4u0gkrnfoaseWhTkLp3O0o=","3FUv5odn1j/d43satpRQ6ZmGi03zuZ18MERKU+iBaZ0=","n9VVb1E3RjQp54c/QjmcaX+kEcnB0YdJvO4+IeNUsAM=","brdo5oYN44/T3YmZp4COz7fYfKKFwloJpcUc/yg3ohk=","NbwxOJ2Rc8J7VM2wO5zEQazjD4ayW20TSLowyL0Qeno=","/all6ovVF12Z+oiQ7+eju6XkhEQW70j5cMbYWAzfB3c=","9xdCwEQD6qYFhOjmq8MpuEQSzN9Alau93VlKuQJMDU0=","r6iDW9bdKyHXfT/SfCbpglOeGMSDjFoJZLxUtVPsMjg=","QjbeY3lyFfJCu6uJmk6NkUHeP83w9phdroWXrig3RB0=","U8br4lb16lLMig/IomuiPwb1NYXo59JkVTauCKt4JSQ=","CsPFNN0vOgA0ppOzJ0SeKzZRSKOEDgqWdD6spf0hF7c=","/nwnbhUxs9By+M507FOxqNp7cwtVdVsDFL6GMk+3FlQ=","NVC7iDG3Ox4ATgY/WtbNs00wYyqeppxENd+7OSC8EQI=","Hj9E+hOToSqC8FAf8SpsIJRiQTe9YfK+3kcecd97MCo=","KdaVCcFKL56b0Rk6dbuZyxZw4PEksJKFf51xSKaZDLY=","XRKaQ7xyGE4Vb99Vk3DLTB63jTTiUdPfg3Ma4KbQDUU=","kOlMQOKJxSMzerRfsg6bpwoEoDOnp4HEqH2jV/wWkUo=","Kl3u9UWmQU6ziaRYomS/jty4jn5VgJhHsQ41Hx87NqE=","gKwFGhlI3vFulO4M5+3UorJa8x4ic6vUSHIwYmEAfiI=","vxPJCTtg08iLQEOpE4clZr64poDGS8tFX3JlqBAjrgk=","FOf3vdjSF+zCQjivx9q/3gvB0gGB/UK214ABfAEkRI8=","X9U2Pm3hno9Ktpk1fZhCCCWxsCEFkgAv+B0KxLecLkc=","2fqQaKeOrHKIgSi5wZZy2Ky0tBfeL/GZT2o9NXsnPIs=","G7t3GYTnG9/e0JACBrtPqlcqi4CJbVC51ubPgE1OvaM=","J/+1SvfZlWuW+JI1wZMY9plVh48jU2ks85de1CLvx10=","tiBoMhNWbhTvDQxsR1M/ubFCZdAgbw25ZBq2JLFrZzI=","l/6Il9E4U6pglJBDabWv2jeF+l2SGO8FIvZgDmFMfkU=","S5/01da3/wp0ZyRqtCUxmqTQoOV1vsxcCIm4T0tz25E=","ts6ZV9Dpw0EkHONTmZTAcBPvgL76/lKf8a2HdbyrhX0=","/YSdAR++qMhEObr+BlIfIUi7Frn0pio8nn/3CeXOQRc=","O6JAREx381ZHVnfFVC0+fIE5Qde160DghW8FRFxRkSY=","fxXn+uwbGf7D1HEntVuVUNwWRf8+xfuQGhD8iNETa6w=","sWfkyG4MYUDHxVHt7ssUm6Js6/T6mqyg5kKiYzsRt6g=","N/NCraZyIQS2NCD3J6JBxYxUIEqDJPU+lk8F/L2usPA=","cwB4pXSsncWdVG9C+I7AV7ytJwHakmYYARy103ocUP4=","fV8WMQFvYEsOqEASUaplSrMg6MDp1StCaxxXvJuCU7U=","I7VQ0dROQIhX+Kp2SfeDcS42XfQf7UW+dyj+PfeXUoE=","TicXdq5OZ6wuaCtUUhg56D0pYPvEd0D5/dDaQ9vYZ30=","A2Jla+DBM7ibAbkzP/8peNqHZLmOJETL5jePVU+y2g8=","xw5KLX/fK88ZPfulkjm74CvCeh+xLgCdm1uC3tdfk6w=","ZFPB3BjqzRVTe/WO9nXOpWxRUgHRneoOZP+nVTRG1/w=","RHyECmGKVF+witJGwZtpg7vcjh0ks0HE7UvPMyuivEQ=","8YCDeNC25Xrqn7a/oZ3ZsPEpwS4A29o04Ar1xr/LYh0=","6wcCTLobaTzMWyY5XrWwfrNUmNiKGdHInJD/5Rb1r1s=","jNCmdgBBU9Br2vA6extqG+On773w9x8//36A6NRPcfU=","m5HlC46+jNdmOfYP4HqQ4d5vw0g7Q5ct4TPga48SrFA=","P9myWfk33jcGfB3HYSPQZCsX6NDh3IN8yB4le+e0IuE=","pF/nnwy0aquhqFR6f1uGHrYkupAlZHFyscft58yVeVQ=","j0hUTjq+DWEFwufibDTIbB4xqbYxJu0FON2mncz3woc=","MvNar91acS0EiI8XDkqyPeNQSmSZmLqNE0g9L46B8Q0=","ZZSYCCC9w9dNuh4+EJcFiz30cMiJKh2LXNhx1di36ug=","U/Y7KPD9Yux1JH3AXad0QZK8I4euCg4XxZ/HfJSdKiU=","JKSJGFMr3J9bLZcgM5pzPsAd6g1PBvi4CsXrv4HB0PU=","njRjIfnn+8Tal9QCsxXn5gBUlLfX2iUtdvYzupkBW4Y=","M7cW4mKGsJ3+i+aXhwUpuVJttCJ4v4OF+OTl5u6s2lw=","nMl4FY2c8anWiTFLaQmpTFW+X+b3CqsTYmyfb6Iyr3k=","5Pn0QigPjPiR7a5ZvbBiYLfm7S6EcHOl0OXS+NxcsU4=","PkS0lSwA4bwyG13H3AbiFoLNZF3QO1XuzN6s2N96ZVo=","Qle05te/0K+QIH1yaz8nqCEznYKOT+Lni1nUQAFENkI=","ylmFGL8TRNn6vxvWCtsTzTOLu6gQJyEmIoadzCIyh2Y=","hHYsB8DjaD8ZJn1Ce0acDEiiwzUAsWcu1L4JngOZWGA=","o2yGhKkWZe+WHxA6raQnmEoskInRkQyNYCYjV+9TyMI=","Nmec3lGOT3G3xBISgONtAks+I6yb9zQk0WDKPU6EZ84=","ZdzpUTtpwpjGIHu3bTeNhoWK3/ioqMfID6qPqFF3olI=","fzs+AntuRvsvaTbbRP7Chm8CnfpP6GlCvIwnkzv4UE8=","lqXHyGzjqZHBf6iNvrIU956oJyJUwzMcBRRf9gmicPM=","PyyCh9ocLGxP+du2ii5r4WX8dJQC84ezxKeNYghQC/4=","LGJ3aw22UvhwpPrI4aa7v5FXQszrU+aM8nHBu34ZG+Q=","UsopgSZfinfEgiRbSnb8yIIE4VGpIbDI8k5oWewcAYI=","2/gwZ6Jo58/fYIMpJ2AHj5++sQXl/mIOdfHE1g6mmlk=","AiQMTuueCWwSHQ3mBu9ujF1CsVVfwk6vHOA+SpTjHzQ=","yu4dAhAQsk1lV20MyVF2BadhLgYIElX9d0a3JohfgXo=","5JVFy7GuCzPMdggNerCaOB2AwzWLz0xhU4Nd3Zpi0oI=","gLRwVIs/nEpZJSbkii0H7FImYa/8MezTAT/u3O5Igac=","ICE7+RtDjL1SUTcyZaahKGEWjcfiz/6UItQT6BAuuSg=","wFyAUoL76202rK5a+0pT3WlAv5CPobTngijO1NTNH/Q=","zn49quiWFr1Ab52fWOw/T5Gl5AocDTZu4xC1sHINv/c=","srrfFxEcAeRrw+GsKeyXnP2lTKPs8edrP24DzYTPESk=","0woXTE4wqAbOGABfy4hMPzmcyst5Ddbq0mjZCCDjutM=","wRRTB0WI1uC0Y9RIHMhGcO0jeEmxWDp6e13iuVV0AJE=","uGYaBe1oqy+6S35AXNy38q9ZqMWKscpTeBHybfUsrJ4=","w/ZTciuPH+jXxbBPdJkzCWbHJ2oIAC0glB0KPviJbCE=","qpFwgCOAMA/l5ImfvBuYHqq+2T1FcMTVO4DnPeTjk/w=","/zKdPEaZUyeWkfHMAl/wTA8vFQ3W/ZmlVFUVDB44OLo=","MZ3t1ICUk2Y9NUdzW3bcKd6xI9FzsGLeq7l8AmpbXZ4=","iCdT600iLzFT50PSNcd4OVzwfpHnMoSXkE8XdwlgmlU=","ntdjGeCWwKTCv9gK8Att824lGWtg1dLHjCiocr4evZs=","BGpdNzvjvw0M79701eBCAH7JD50CFJAoXbHZ3n9sdms=","3NEBxikFehoXAh71h0lZpXOh9Tb62Cwz64pTiDM9wYw=","ylIvl3KbhHcMR2S8sH4sMA14S7hKA48IltKoR5KCjEY=","78z+HfKqNnjAmiq9I5Qu1dMc5MrzDut5tzrD26D1wTU=","UOIHsIpweYduMrbiSG7eyx84+TjKtQhxZtzfPeA+rrE=","V25MHiHah/OFR4k1KEFTioLEkd13WFUDDzM1eLzPUfg=","Zw8hmebXFEv2yuKcm7sLmvMxS8UYcCrS5g2G+dH0TnM=","ILcYjtXUaH5hYKdJnqqTk8wTT6ckPYq7qWGBNgrbFdA=","R8PJE/6Z9n88Qas6CJYl8lV2PD/MFqRo9rerf3djxzk=","FChMJ0LeV43WMEQggKYbmGIJOKkoHHsZ5+qiekpdjGM=","5RdRs+jPDyW8TsDr59IBlNhDV8XS6WlGlSnKuI83SH8=","7YdtyEhAHvwj0Nd3+ecIyxhf51+mz5StRP3Gb9UyKfQ=","AwDq3+B95rRoT9ABkM1i1rjhtccWAyoicFYeEiPzHfg=","zJSHCzFn3qXZM+vVcSF0hn/rix2YETaIeJRlzZ8p2Ro=","jVWbv0G2MxTBFDMJsCVHsZFBALfpQVfbJwD4saH+EJs=","kO6h7FzNGt6/N+1HsjyQfb5LVdzEDAAlJxsP3KJG0M0=","czd0iXU3KwXEcgHV1I19755LaPfrxZHQb1oF0zYUXeA=","HGgD0cOZyfu12MiHGJ+rEieXaykYAIAH39doskKBt8s=","NlU+pEqA1PMl4FMJH9rJ8Tbo5T+yLO0Gd2ZEiClfSdg="],"block_size":4096,"path":"js/toby.bundle.js"},{"block_hashes":["1w712OBDtqx0dQ6xsuO0uG0rBagIwbT9NA5fKMmeOAQ="],"block_size":4096,"path":"note.html"},{"block_hashes":["H3UUqem6yhXM2c6MGfUMIM0mkdbGMkHn6skxdNPYXrY="],"block_size":4096,"path":"popup.html"},{"block_hashes":["Qwi/9t+zztBjdGZzRez6OOPwncWWYSalJkkDi8XEczE=","ONRnuERV+0LrsYW1vJ057kq/Wj9/YKUlfk6KL8d9a2s="],"block_size":4096,"path":"toby.html"}],"version":2}