{"file_hashes":[{"block_hashes":["cYu13dVL+huqjW/dDPNX3jFIjb4sqKyRThbCrCzbTtc="],"block_size":4096,"path":"content/history/send-to-kindle-history.css"},{"block_hashes":["62cdTPE1CPg8jDBnhElnOJDB8F/0gde8kUHyys7JknA="],"block_size":4096,"path":"content/history/send-to-kindle-history.html"},{"block_hashes":["2lxeSEeOnRdrPrJTm5GPgHCfjy/yXxcDa7Y3R4/iZS0=","yoYE+5WRFVynbxozZa7mANelmBeNxG36WLjq1gOU5M8="],"block_size":4096,"path":"content/history/send-to-kindle-history.js"},{"block_hashes":["qGim4DiwRfWDRvZdUIgSo0s91TKN31p48+G3/Mud0Es=","IV9HibrJT3qknsfnffwFa4C4ifbfcyh9CHdaMI29lOg=","inoPBQUe0xlU6/KFWbbpJJP6//BYBuIOFvKZGWLvMQQ="],"block_size":4096,"path":"content/images/s2k-hsprite.png"},{"block_hashes":["Gazhx6vbTnHgFD2XycPWeN8gLEeExPgDl/mP1NGXFVE=","70Hpf/gH+ZzrFR2YivjJfntj6NoA3EtaE/0rDbPuWt8=","3iacYbBvXVkTqDkB7H/zj04eD+hAc6VYdj5JMdbJnoA=","r3cQxOPiZUqR/9sgixDWwcOp42Wxhp3Civ/uDjXPQ20=","vpExKrmLd2zDBGzLEESOyGX4cW/mkTV/tWcE4ygLPwY=","gAtasUfxQxtDd/niZpWEjXVFFY4yzvDhaFdDB3Ao3Uk=","VDaAJcL5wW4/Cq/AbT45m0CQkWbvlpc7AaRjkPvL7yk=","7xmZKZ/OPkjpwk2p8DJ5NfLi1ddAtz17i/o5K0bLCKU=","P/leS/G+QXPVwwdxVvdQlfjwNam+ZpJI+XXOGUakaV4=","VwrCPIngPlbc/Ztgl9Q5V49cDkXhLQ1g7Y7oN1YmYhQ=","r3fN6XIzlSnpUxXEUd9HWmfLWxarH3Hwi32nk3b0Hi0=","RM94mwZzW8nDSaJAv5O0dt/kvIrQPPz7AtngIJ/RDUM=","aAVg9NAsSFKdlanLjCx0d0xPz4m2gh+FUeNjSlMoOyE=","jG7TrwTWBQgVt/KyNBt0GXWXdvNPZtucSex8/VIVqUw=","wiW07PuIZTv21azF785eeyGta0HhU9gpJ6qLvj8OR48=","oV1ADSLbXqb/pB4BBqga3Q0ItuXEsj3WfA7pI7Q/RdA=","F2BUdyN1LASnuVyj4Zy7VC9PVWAqc7q/RNwMJf8EE3w=","hHJ+AebbSccrEKfaBPl6Ly3oGtv++ekZnccwl1gSR/o=","0NI7uxOXyJN+VOk474yDYYJgvqM1j7Pvxwwq0krp57w=","mxf6ED/9871vp78XGYrj5Iqw7fQLfdgpjiPQF2t3lhY=","8K638H6wx1aTiVCA99hoWy1BWs5+JXe4W6xMFOSRFJo=","TzaOQDoBqrtuDZaLLLX5GSHCHeetNpPznTwRLjabUOc=","yp/zilR8fyxhYzgsV+ksf7Kf0Y1Al2+HZavG47XDcLE=","5PCGFgqag86f5b9DlMuIjMeBXxcisOKiqMaULtfiiTU=","wuC6vZ9nRZAO9V0AP28NMAe2XXFRwpa6dfliw3tikTc=","JaO1OvJ8wnOzt0SKlGf80Xh2tUFmAJ4zZU2ZeIbLPWE=","N49s66b/ZHlqp1kR5vJd2THAo2dCyypbFFU0sDR+qs0=","fittHBotlB/qlcAbFyWB1J0MVHeJN/VXkKU/PQj9GR0=","ZELXWeU9qU67rU9FqApHSr98nykloeKAtZ4Arxk9uLE=","IfwF8hf5tLD/VtgCnyA5qaRc5/cfYNiBe8ZvmtnGMZY=","JK24zweBwyhpKhEhMsCftkDoHaK/+ggNqaUmeOYrcEw=","/B+p7Stj83wFgyO9EfGVDQv2Sd1Rfp3OLa15a3kT2rY=","VgHu57s85GN9FeeLoLT59c+1gKyRLbRenYH9MPcF2a0=","45SdkwUI/vInb8XtJQE/KqH+SiNW0podZhThYKFf338=","uKYxIxgCtACGQlnI1f1IEUGAWJJ7/UIs4OuYUpGbgfo=","KoWcEpW8uzf0ngF1Qi9AmgJ7AqQzn10flbwbb1Gq4uI=","8wghFh2ixYrhBeq6RUQNYK/Br01VcEik/DRoXu6hSVw=","+k4xhwgUrSnOae7y0cciCzFpVnwXx22OsB9MbyeU2W8=","6w79TN72gcKxg+ZRSv38hjc7vvUfFSkExEacKAS5yFA=","IGYgH+soKmEeSvpw79KR4nnuJtffx9j6PhmYuvh2oOY=","znJ8BJcvhQE7RbDtYhanyV77+dfddMlDZmRzbZ2gVCA=","2SIKW/fPDJGRI03SSJz+0qWuyrEo/Z9BWORFVHSNMvw=","NqQSIAkqYlo8QSr9Qu9fIyYW7MGIOheD1rzp9+DTtjc=","4UqMinsZy24WKHEMYhvBzLvqNwgf70LrdJv9jOmy6/w=","YuGXyevSqnHdc2XbwEMv6++5gBHhoCIe4yaIU/1Qchs=","/e/oaNBLn5eg0z/0YJjS3Y2EM59zGdNJMAaL6f0OFhw=","uJk8kHcMi5iQVr7CxNbv3AzhXsnATkbKjPO2x0CTWJ8=","rlMdw2tSclFSkMtQfP0H0bvyt9AQR34/UzbN/T68azY="],"block_size":4096,"path":"content/images/s2k-setup-sprite.png"},{"block_hashes":["yYaS7XRmh4Z45WYc1+iSzHZp6/t/vngciG7JCoKfnSk=","xt5vnWYm9SDyPLez4StryO5MYkrYl6eDTTc7Cyy6oSo=","vwu0qfrWjQlam9sak/Qag2TlDZUZiX00VptRaAumtrk=","rNx2rTypqCF8mKaoR0l3lLabC8qh85LwuJipPlF2+aU=","oBQqffS6wwV5meppErDhTFIYqU1Y7LslDWbd7FV/7eY=","VQt9CiQTsrCjpLqA9IR1MiKKw9ploYIXra1EzZ1nOV0="],"block_size":4096,"path":"content/images/s2k-spinner-large.gif"},{"block_hashes":["Z7zJANuhLV3z6DZTGCGkbFXlxPsNsdG5mot4gJGLaJY="],"block_size":4096,"path":"content/images/s2k-spinner-small.gif"},{"block_hashes":["4BUZU+EfERtUtLuPRpDTNqkbbFMiJfUaFhKi4KV389E=","MKfa3yC5H3XnOv0YYLYAO9yJWMU92lqhIi/LYpbUwGs=","y3sruVrQljqhzx6xlsB/ZoAoEGCbYvxAACqBCmP6194=","XIBmtqg9IBY08baCYbeauHprQrIYaJxumZqGi1WmkFQ=","84GjkRO8lDKYUMfCjErUx1kPmbFrFFO9G0XQg7dgfLk=","klklwoDa7vmnH3sXIUibX0YErLnN8446qEn/f4CA0fA="],"block_size":4096,"path":"content/images/s2k-sprite.png"},{"block_hashes":["Mvq+vZFyqPwj85aeCqhXihkQ9eEe80BhLr5CPEWsG1A="],"block_size":4096,"path":"content/options/send-to-kindle-options.css"},{"block_hashes":["pn7mfsqHIkYPLC4lyG9TxmLGaqZ0DCFy+FCop1shy9Q="],"block_size":4096,"path":"content/options/send-to-kindle-options.html"},{"block_hashes":["Y1qpmNWZdLxePpvIOM+7WcQpKuh0rRxgBcgtigdPbog="],"block_size":4096,"path":"content/options/send-to-kindle-options.js"},{"block_hashes":["iV0rbFU1K+OCJYXyG5BVFWmjbCdKt6o/z7daWfFl3oc="],"block_size":4096,"path":"content/popup/send-to-kindle-popup.css"},{"block_hashes":["Yh8WMPUJuUriS8zFgcR8DrSR80tlQ0n+IdDaSgj/xJ0="],"block_size":4096,"path":"content/popup/send-to-kindle-popup.html"},{"block_hashes":["pRJIc0+1JqeYo0Xn57lPFh6ZhHi+AjDIbXxPoCqX3Yw="],"block_size":4096,"path":"content/popup/send-to-kindle-popup.js"},{"block_hashes":["d+jX2ozPObiY3lSEleq7ybdf99oNsn3sDluBP2LDtzg="],"block_size":4096,"path":"content/send-to-kindle-action.js"},{"block_hashes":["A/unj2h2Om51jPrdCoprRkZNp31gHIhmCo9hXhbMyi4="],"block_size":4096,"path":"content/send-to-kindle-automation.js"},{"block_hashes":["K+7FWydRW7npyJpmDUuifyPkOiRgcJBSM2J0P605zu0=","Qy5ATlXh/xRgcbx6v0Uxpzp+4dSB0OU4M1jXqPR2FYs=","xFM/XHJ8MBsWYpULkx3GlDjYTtU1Xrwn9n8OUoa0ePo=","p7zzeacpaWdwnAYGnT5vkkok+ICQo2neQSPUZbqQ3F0=","qI4TorkD8IilXSkteQlPSauC0UVhjEOHPXbuk12FoIw=","xX9/OjABVsPh/PUn5+UXv+5c++RbvSkveT/hqcxKkHI=","s9M47PsYs/TSabREmQjyi0jiuBt/wH8+89nOp6Go5VM=","tnHfAHbRZKDl5KwkmbLaBXSQwWBVmEGPOY3XqqaMf80=","n782aTwh6MvUlE3rQ75sWEINfuraQJM8HKR0hwmkU8g=","J3ckac2KVST+N3OS3392BmFJKTndqQnBd1BupMFk0rU=","pJzB7GaeWd11lO2vRvyUaugUqL3lIBeTpY27j8uIG7I=","HpIisGiC5+wAAETIvgltg7SB+yfgyyalYZkiJVY/N+Q=","ysO5NgY7hTPalmxXpETPA1y/C1zjRY6Myu6EsF0tlYU=","65pOD6ocqYCy3MBO2so/VB28/x1XAAUE/2UMe5hk4sA=","x19k2PqNrz/adgNwjSYN7f3cctLuPUeqci9gw5vf3zc=","o+L5rrDXIwR4Jni/wc4b3oW2r3yA4Ify0AaeHdafuwo=","iIfac/gv/gC8UazrjXt+QJs18oKcJwrPZmGINzi5BRk=","yahgPzfRrYzr3W0IAbyjHKxo0Ugl8luw6G+rNjI8AL4=","/UA8y/gAbyoHJTcZIiI08CC5E/vYiWr6lfbFBSvlxQ0=","41Ucg4BXgRLZHguKug2z1TWBlq1As+eqYzF/8z20O8M=","6dHUNbZ74ZvgfSdG8VGsN+lai9xj6F13FC3dF6Nq+Cw=","m7y5PXWprdbhyRkd1DOO5orohMenrrBYCp6Z6jfL+OQ=","aqyWlqpiefcWRGMRPq1JLskl338zIQpM/hwktx9+V8Q=","5i0MwneKltxYT6TEzypc9SlrU/fXG0bZbLw79eKrW6o=","4HxRHoEF7a7raHsYDXqvdlvMvuoTD8rrmDYJnhRw/YQ=","6PnAREpjo3QoY2y+HU4xW4BSVjhGyCP1E3nF4AWaj90=","dIwR65ZfUzrvzVqUU+2knHZcxAil+Sg6RWaMNHqYA3Q=","29Vb5hhEE6Nru0P8uKLwxZTVp1QkkKnrcupKdzto4l4="],"block_size":4096,"path":"content/send-to-kindle-libraries.js"},{"block_hashes":["fyfW0ykZkGknfcZUVRCUO+e3t3DqfYybgOyzQ8WWmgw=","owMHEmjtW1ywa+HGBWJ3HifQrGq72cR2mnHhZkEn7To=","tB3D9Ct/8p/2zJY2w1SZdY3vB3CcTUXj+ZH65uX9frE=","DC4JClGaNA9Yo+9XLy+lEb/mPwBvku6LTnBtPZfHFrs=","X3d9knP10SRATI1mZrhA/TLCvO7+OcAesmUcbfs+k8c=","D7XtswCebJhJJZBruWzlAEVt11G47dUplidWDzXtTOo=","IFP6fbXxs32B5xb2k1PeMkPyTUAlyfrSwBbsM3TpBQU=","fFuYzSVQWECvyifbeCNWqze3KHfW3wtT9uO7xiJppDY=","Oo73juuFaCbOKnTUcOMsP1iu++C62ZLUI5PnFRrRYGY=","p/eXchvkVrF7pGKpQ1Xmp6yXBH228MSMBHywS2Zbu6w=","p65/YpyIQCmYKn3ZYJKccqTj1NsiNjWsu3G3Dw6Pbtg=","4tcHkTopZHwhG/TNf1QxBNLnz63FqNyYY1YvTcxmkcQ=","/dFyVd3SeCIeqTNURMNpTgjiMnNUWcb2HxAe5FO32cE=","Pffu4ydBu9trW4sqlT7NyOTqRprzJWQ5zOo9QjwDZ74=","+tv7n+J76NzwTTsGg61JRuHHFimzxjePR/Z1uYWxQfo=","AFxv7orXoHYbU2G1E6kKD8f/lyV/NcEWbaPKBmGdG38=","o0M3hXcT1P1yITiaIN0ZeDa+WSPTTtN6AHGdCw3l+R0=","1quwpaycNGDN6z1kdOafcIT1HSbPWS3e+VGUph0nWAo=","VwmHoURpkzO67qenDzO/qha0zQbmKfzv8gQ6PP98Y9o=","L+/yewmLEJX7NSUmrRqa9QkcVhW/esdU7bR6qCy7V4Y=","sbz3ZtUDOpZv+Q0QmkmgKru+eqonao1+7Sgj/x/5FfA=","ulNKpzvlc84lQX37RvVUBJwmFVucqwr0IVQl0Ra2Ddw="],"block_size":4096,"path":"content/send-to-kindle-logic.js"},{"block_hashes":["EOv1jyOA1jDHhGMeRSo/Yo78vLlTCc+8dTvYRXYEwfo="],"block_size":4096,"path":"content/send-to-kindle.html"},{"block_hashes":["L1l3QgIVPVz5JJSaQGi5hr9mkB7heQOzQbfC6jfUX4Q=","QHGqkbontPjWpg5znufB/DI0J4aFeWE7L2T1MXgKisY="],"block_size":4096,"path":"content/send-to-kindle.js"},{"block_hashes":["3zzFtbfZrxtBJmUhHlq0fdzCxJ12ZOzDn33UhmgKuvY=","OcxHPZK213TslkleF7lmDc6LYFJhPBp+MffCjBTfk0M="],"block_size":4096,"path":"icon/s2k-icon-48.png"}],"version":2}