{"file_hashes":[{"block_hashes":["oU6LLQGS1LFq0Gt8hc3cmQWZ0J4JEQX5snjFuqDMIb4="],"block_size":4096,"path":"background.bundle.js"},{"block_hashes":["lOJ/5X606vjcUVb6m8BY38iS5He7IGnOrxpjzfcX6RU="],"block_size":4096,"path":"background.html"},{"block_hashes":["Ns+0WHjRtSTeqCthO/CZA9IW7f1agD2XZsMpges/Zsc="],"block_size":4096,"path":"content.bundle.js"},{"block_hashes":["EOySukrPe+A6hglhnyENYxOGzTVtYoPibh21rymrrlg="],"block_size":4096,"path":"contentLoader.js"},{"block_hashes":["6beVwXcF86EoHLl57vbhMAF3H8Pzw9F+pM24G968J8I=","KnIkE2QvGbp9VDCx/iNzziH/GNnaV2HwII/XlRROojE=","u25b0zVCeVkIhAR/lnFQ+NKchDj3dHxrkI4OnQiowL8=","blA4oICH6qDKQnuuWNHYKDG63iaLsjzDu4qAdYM5olg=","miPhef/9lF7So2dcnXIOFnwvrjm3JS/X7uAVOgtfvxw=","c0eW1KtSRcDhyJPSnUeaa2AU3xt6nBryCkk2Vh+udMY=","4H0L1zBHDP2+uEwj2iXj58ZL+7GlIv54jdJpGr4+7Fg=","Bx2G29EnjoVlF0fZXRjrNU3pTwRvk8e0VaSnoxD3Tdw=","vBmsAkVl/B7qELrrqyNeDPmQ3lyIVIxDkVorUu4i9hY=","8ZXWsBDNTnag3rOXzj9I19cLd0MQSsOOcu+Jz/0ur7M=","V2QMvDrYHetZnc7WjspvT5FGgfpW1a+ZRDYM8d99vY0=","aQOcjnAmK5u2pxLRKjJOGnKk/X0rhrkohilL/qvi7ag=","PPjPylAYbRAstoIpfgC3cMCeT23eZwz+8xj/EWzP8Ms=","QR/rdxfg3q15IMros+ACQej0rltJ0VryxUGsVLbbOY8=","rMQQTBZp9umuJnQJJ+Qtq5EZU+JhqY6kl0Zl2TdYVww=","WuO9Pb0Q+TzdEeP5i0NEz+DB48CVJ9GHof/n6hsLvIc=","/XeV9xJ2BxOFodHPtLj9ZBcSprg9q9baRYMddcwrnu8=","C8QKP+6pi6ht31vG5qwImAKODjlQEJnGgPd7HqtKClo=","btxJpz/lBqV8wVWFbTtQFGoldZcs1f2QacniN/PalFs=","QUQvU7ovmvncSA0928EbOs9dBdflDe8O/uKYMDKX/qE=","Y2lcxGRVyK695vGC65SC4dngFEeZylJaQ5aJq4lC/fU=","/WBzYxdpvUkBtWPEs0Wdi7lKg5s5SfEREXJ2e3cRgTk=","yLU4fFD+zciSrize/m2nAvJtJwl9xQNFybplg83dG20=","UaNlT7wbMpwLlngyBmy+Si7NnHKp7ezdvJhpiPO+r3U=","MQEORJxH0chKmn+1pfmv3vrvg7oQ5JN52sbKOXQr6J0=","3mViRFk+jPr/vVNVSsJqkqNmumZHmJ79Rnz93eTrNj8=","ZJ23arl0G9UnXZaHRWAJ8GzjGWGoVeu2KETmwAscT04=","J9p/81GmcT6HbOaa2Psos9soOShw4a7wGAY7vUN+jPg=","d9tQXP9+xMjH6GStuC62AsxD/bCDiFrwx1ENS4z7Xcw=","G4ig5v9+0qYcQVd+MdmXB6A6jtwVutqT1NdULbwIukU=","1w3gKw9tcB12W1mP4G1hwY/AbQ/WY3gJHZt/MJbQRUE=","uCjaMA9MKnHpwpQFcXYQ8I2Rw78blvH4sQGdg3r9eRI=","py0PCsEPMThCNxoViEE3+8Z0L0glUqL9a65MA5vb6iE=","yLSUJfDiizhqBCq/HUAAfXiv5YjgUmFZf8HE+XBhhGY=","rrHuq5xiiASGMgK+rjXakJaz+9nN6IcCRTDZ/lgO3dw=","K/0tyJi811KY3gNTL4CIyAW7WkadC+c8mc5tUQnxD3Y=","JMhiIbI51q37V0duNPfNhIaO+PmJZRGwiyrt6y4vBoI=","yCpviIWvddma0oBSPfyFpy4I7Rl7QeUooFY5bxgjf3o=","XtafQLcThC4BfQj8O+AHHT3m/QocnzvZetNwnUa7Hz0=","sd8ROE5ROLrvT7//V3Z7bmkaZL8Ys1MG7arDeYeftyk=","xMBsDL/SrRJD61RO1X/McYlscrMaHqMCtI32nKlg1PA=","f4GJesXgqsTCPSf5QRPma1aV7NynovckzSk6beq5cvQ=","GEM47MFH6N5Q9PP/kt+urys8rEPMgoeuqzyZv27fqa4=","/NmlENyAitpMcxwnis8J53Z6qb/265S/+sosr4lDGpo=","TjdH2eFnIB+NQLVsO8y7VOM0pdJzJ7wo5ypYmH4I8hY=","Fzf3B9jn3KaX1/c+cbRxvK3RHdAuUyfzI4gAkher4sk=","7McYOFNiaW4UkXuCwkxi+cdAroe3BZbr2xSapcJwZjY=","H+UuQzHMbf090/WR+EV1tzRhUIMRtH2tTCSHxTNePQ0=","R/ciJhDaalWnfjVGTVtadJQW/1hUAMYhPdh7sKe6CK4=","n+AKAG7kJKK9vs3diEr3Ub7+2YtVU5XHz+rDpkurELc=","sTc1cV/WfOaP00BVHTtavuzNFTIO6MZDfMv0cdS1TI4=","1Rlm38K/kCfVgT3zFSdLsJGI0ZsVwdqZ+ykJ4ukCT1U=","C3CxkmvH4sCKCc6hdgxoapEtElTmXlyHsgQDK+CkBxA=","/P3wpGtsUv6+5sgoU8uXjAsal+Tt9k5g//1ZOeR+e6M=","Ryd0iJ7XkbH5WjzDNy0drTWOqRQApwpWBKa0MWAbcag=","g/xCVsJHTDXd+stv3YhxUGgLV9F4I+qca7Gg2fqorq8=","yaIm/9Jf/A1UflaXMt+QGeH3dbmfHwG5bgcH3C3xEZg=","0qwkmB5wdrGeR5NEG77/3+oYABktbjGLa6U4fV70ypI=","50tu2fRBxlOdoK9TUjJczXxVxqaIpeJZv/Y8MKV7b2c=","07YjpT+Xxj1j3kG6OUhkoTsaxavkCJhZnHbAO6RqlzY=","iassqPbunKQaKWiKKo9U2KCb9i/sjShM+p7ATWAiNCk=","Pml1U+JWdOKbTATZJyb8TJl138Rael0ybSFps7Q7zdU=","8anrS5IaJxVEf4dBcnWNEJ+0TPL3XKNd7GgRKmm3cRk=","RgSs4hPFEbc9f1aiz+Tk2vbHt1GYPtb6FbCUXSqRRT8=","Gok1WZ9Kpl35mIlUl65BeRQLUdpX1AoxM+YsZnX+AjI="],"block_size":4096,"path":"devpanel.bundle.js"},{"block_hashes":["/xLPUqdMECOhdUyV1JBXlEoO6buh6fdEq1IQ2oFOtnE="],"block_size":4096,"path":"devpanel.html"},{"block_hashes":["bNP1sfg8UuSbQmIU/tzBtIKaQChINH33KBuag54SbWk="],"block_size":4096,"path":"devtools.bundle.js"},{"block_hashes":["lkV0rTKT+jnEGpEKXIboumR6eVBwExTzMWhd77VmTp8="],"block_size":4096,"path":"devtools.html"},{"block_hashes":["1Su6lD+q7bFmRe8UDODrarckgKQf4ZB0VyXxVpMbW60="],"block_size":4096,"path":"page.bundle.js"}],"version":2}